value	films	example_films	example_detail	extra
threat survives	109	The Student of Prague (1913); The Seventh Victim (1943); The Blob (1958)	the double sits on his grave	
threat destroyed	100	The Golem (1920); Nosferatu (1922); Dr. Jekyll and Mr. Hyde (1931)	a child removes the amulet	
ambiguous	45	The Cabinet of Dr. Caligari (1920); The Innocents (1961); Onibaba (1964)	embraced in a white void	
everyone dies	39	Jigoku (1960); The Housemaid (1960); Night of the Living Dead (1968)	Kim and the maid die by rat poison	
victim becomes threat	36	Dead of Night (1945); The Pit and the Pendulum (1961); Black Sabbath (1963)	Frere takes on Hugo's voice	
cycle passes on	33	Black Sabbath (1963); The Stepford Wives (1975); The Sentinel (1977)	the concierge hears dripping	
false resolution	14	The Evil Dead (1981); Poltergeist (1982); A Nightmare on Elm Street (1984)	book burned, possessed destroyed	
protagonist dies	12	The Student of Prague (1913); Dr. Jekyll and Mr. Hyde (1931); The Picture of Dorian Gray (1945)	Pat learns she was killed and continues as a ghost	
self-sacrifice	12	Nosferatu (1922); Godzilla (1954); The Exorcist (1973)	Ellen dies after giving her blood	
final girl survives	7	Peeping Tom (1960); Halloween (1978); You're Next (2011)	within the fiction	
lone survivor	7	Matango (1963); Carrie (1976); Alien (1979)	Jang, blinded	
guilty punished	6	Stir of Echoes (1999); Phone (2002); Bhoot (2003)	Ted rings the haunted bell	
house destroyed	6	The Black Cat (1934); House of Usher (1960); The Changeling (1980)		
family destroyed	5	We Are What We Are (2010); The Witch (2015); Hereditary (2018)		
threat contained	5	The Blob (1958); Cat People (1982); The Babadook (2014)	frozen and dropped in the Arctic	
threat killed	5	The Invisible Man (1933); Black Sabbath (1963); Tourist Trap (1979)	Rosy stabs Frank	
cycle repeats	4	Pet Sematary (1989); Oculus (2013); What We Do in the Shadows (2014)	Louis buries Rachel too	
ghost laid to rest	4	Ghost Story (1981); Sweet Home (1989); Whispering Corridors (1998)		
killer caught	4	Psycho (1960); Sisters (1972); Opera (1987)		
threat spreads	4	Who Can Kill a Child? (1976); Nosferatu the Vampyre (1979); Pontypool (2008)	Renfield sent north	
threat wins	4	Rosemary's Baby (1968); Inside (2007); Hereditary (2018)	the intruder takes the baby, Sarah dies	
victim dies	4	Les Diaboliques (1955); The Haunting (1963); The Exorcism of Emily Rose (2005)	Eleanor crashes into the same tree as Mrs Crain	
victim restored	4	White Zombie (1932); Black Sunday (1960); Blood on Satan's Claw (1971)		
apocalypse	3	In the Mouth of Madness (1994); Pulse (Kairo) (2001); Dabbe (2006)		
couple escapes	3	The Black Cat (1934); Bride of Frankenstein (1935); Braindead (1992)		
few survivors	3	From Dusk till Dawn (1996); Art of the Devil (2004); The Invitation (2015)	only Seth and Kate	
killer dies	3	Don't Torture a Duckling (1972); Deep Red (1975); Prom Night (1980)	decapitated by an elevator	
lone survivor escapes	3	The Ritual (2017); Heretic (2024); In a Violent Nature (2024)		
order restored	3	Frankenstein (1931); Ghost Story (1981); Shaun of the Dead (2004)	wedding and toast to a grandchild	
parent kills child	3	Eraserhead (1977); The Mist (2007); Hatching (2022)	mercy killing, then rescue arrives	
self-destruction	3	Thirst (2009); Black Swan (2010); The Substance (2024)		
survivor	3	Phenomena (1985); Hush (2016); Tigers Are Not Afraid (2017)		
survivors escape	3	The Legend of Hell House (1973); The Shining (1980); Day of the Dead (1985)		
threat appeased	3	The Fog (1980); Manichitrathazhu (1993); Stree (2018)	the persona leaves after killing a dummy	
threat dies	3	Cat People (1942); Carrie (1976); Tenebrae (1982)	Irena killed by the escaping panther	
victim freed	3	The Mummy (1932); The Exorcist (1973); Sewu Dino (2023)		
avenger dies	2	Art of the Devil (2004); Oddity (2024)		
child dies	2	The Innocents (1961); Nanny (2022)		
closing sting	2	The Strangers (2008); Longlegs (2024)		
cycle continues	2	Climax (2018); Candyman (2021)		
endless loop	2	Dead of Night (1945); Triangle (2009)	Craig wakes and drives to the cottage again	
everyone lost	2	The Beyond (1981); Noroi: The Curse (2005)		
false escape	2	House of 1000 Corpses (2003); Dawn of the Dead (2004)		
family restored	2	13B (2009); Coraline (2009)		
final girl escapes	2	The Texas Chain Saw Massacre (1974); Don't Breathe (2016)		
innocent blamed	2	The Other (1972); Siccin (2014)	the imam is suspected of the deaths	
living and dead coexist	2	Beetlejuice (1988); Pee Mak (2013)		
lover becomes threat	2	Invasion of the Body Snatchers (1956); The Sadness (2021)		
parent sacrifices self	2	Dark Water (2002); A Quiet Place (2018)		
prophecy fulfilled	2	Don't Look Now (1973); Evil Dead II (1987)		
protagonist was dead	2	Jacob's Ladder (1990); The Sixth Sense (1999)	it was all a dying vision	
retreat into fantasy	2	The Love Witch (2016); Censor (2021)		
revenge completed	2	The Last House on the Left (1972); Mandy (2018)		
roles reversed	2	The Cabinet of Dr. Caligari (1920); Cemetery Man (1994)	Franzis placed in the cell Caligari occupied in his story	
self-sacrifice destroys threat	2	Village of the Damned (1960); Cronos (1993)		
spirit at peace	2	The Sixth Sense (1999); The Eye (2002)		
spirit laid to rest	2	Kill, Baby, Kill (1966); A Chinese Ghost Story (1987)		
survivors rescued	2	Event Horizon (1997); 28 Days Later (2002)		
threat banished	2	The Uninvited (1944); Evil Dead II (1987)		
threat destroyed by fire	2	Purana Mandir (1984); You Are Not My Mother (2021)		
threat embraced	2	Good Manners (2017); Thelma (2017)	she accepts and controls the power	
threat escapes	2	Kuroneko (1968); Border (2018)	Yone recovers her arm and flies away	
threat expelled	2	Alien (1979); Qodrat (2022)		
threat imprisoned	2	Sumpah Orang Minyak (1958); Cobweb (2023)	sealed in a bottle by the bunian king	
threat lingers	2	May the Devil Take You (2018); Cobweb (2023)		
threat sealed away	2	Prince of Darkness (1987); Coraline (2009)		
threat spreads to the city	2	Zombi 2 (1979); Gaia (2021)		
truth covered up	2	The Wolf Man (1941); The Fly (1958)		
twist reveal	2	A Tale of Two Sisters (2003); The Village (2004)		
victim becomes ghost	2	The Innkeepers (2011); Oculus (2013)		
victim becomes guardian	2	The Sentinel (1977); Apostle (2018)		
victims become threat	2	Here Comes the Devil (2012); Starve Acre (2023)	possessed versions of the parents drive away	
abuser killed	1	Possum (2018)		
acceptance	1	Relic (2020)	Kay cares for the transformed Edna	
acceptance of death	1	Paperhouse (1988)		
accomplice punished	1	Vampyr (1932)	the doctor suffocated in flour at the mill	
ambiguous ghost sting	1	Les Diaboliques (1955)	the boy says Christina returned his slingshot	
ambiguous loop	1	A Field in England (2013)	the dead appear alive at the hedge	
ambiguous sign	1	Heretic (2024)		
apocalyptic hint	1	Possession (1981)		
atrocity to come	1	The Cremator (1969)		
avenger becomes keeper	1	Saloum (2021)		
benign spirit freed	1	The Uninvited (1944)		
betrayed by last ally	1	The House with Laughing Windows (1976)	the priest Stefano runs to is the second sister	
bittersweet	1	Mama (2013)		
bloodline ends	1	House of Usher (1960)		
body recovered	1	Psycho (1960)		
body swap	1	Scanners (1981)		
captive escapes	1	The Eyes of My Mother (2016)		
catastrophe averted	1	The Dead Zone (1983)		
child and mother-to-be survive	1	Train to Busan (2016)		
child found dead	1	The Orphanage (2007)		
child kills parent	1	Pyewacket (2017)		
child lost	1	The Host (2006)		
child reclaimed	1	Lamb (2021)		
child recovered	1	The Hallow (2015)		
child rescued	1	Possum (2018)		
child returned from death	1	Errementari (2017)		
child sacrificed	1	The Killing of a Sacred Deer (2017)		
child sent up as message	1	The Platform (2019)		
child survives	1	Pari (2018)		
child taken	1	Satan's Slaves (2017)		
children return home	1	Weapons (2025)		
closing nightmare sting	1	Carrie (1976)		
collapse and deaths	1	Picnic at Hanging Rock (1975)		
collective denial	1	Demon (2015)		
colonisers arrive	1	Bramayugam (2024)		
community destroyed by fire	1	Apostle (2018)		
community saved	1	The Golem (1920)		
conspiracy revealed	1	Kill List (2011)		
couple reunited beyond	1	The Void (2016)		
couple stays in the home	1	Bhoot (2003)		
couple survives	1	Razorback (1984)		
couple united	1	The Phantom of the Opera (1925)		
creation comes to life	1	May (2002)		
creator consumed	1	Re-Animator (1985)		
creator executed	1	The Curse of Frankenstein (1957)	nobody believes his story	
creator killed by creations	1	Island of Lost Souls (1932)		
creature dies for love	1	The Lure (2015)		
creature replaces child	1	Starve Acre (2023)		
creature returned to owner	1	Gremlins (1984)		
crisis of faith	1	Svaha: The Sixth Finger (2019)		
cruelty punished	1	Night of the Demons (1988)	the old man killed by his own razor-blade apples	
cured by staged ritual	1	Bhool Bhulaiyaa (2007)		
curse broken	1	May the Devil Take You (2018)		
curse confirmed	1	Cat People (1942)		
curse destroys the guilty	1	Ready or Not (2019)		
curse hit the wrong victim	1	Siccin (2014)	the blood Öznur took was Ceyda's, so the daughter was cursed, not Nisa	
curse lifted	1	Impetigore (2019)		
curse rebounds on sender	1	Sewu Dino (2023)		
curse returned to sender	1	Night of the Demon (1957)		
curse reverses at death	1	The Picture of Dorian Gray (1945)		
cycle begins again	1	Mother! (2017)		
damnation	1	Angel Heart (1987)		
dawn escape	1	Kill, Baby, Kill (1966)		
dead restored	1	The Gate (1987)		
death explained away	1	Night of the Demon (1957)		
deathbed remorse	1	The Invisible Man (1933)		
deception revealed	1	Pyewacket (2017)		
demon leaves host	1	Bring Her Back (2025)		
denial of responsibility	1	Rabid (1977)		
descent into the underworld	1	Marebito (2004)		
disaster strikes anyway	1	The Eye (2002)		
dream ending	1	Valerie and Her Week of Wonders (1970)		
embracing transformation	1	Crimes of the Future (2022)		
end of the world	1	The Cabin in the Woods (2011)		
escape	1	Under the Shadow (2016)		
escape as place burns	1	Island of Lost Souls (1932)		
escape into light	1	Vampyr (1932)		
escape to uncertain future	1	Dawn of the Dead (1978)		
escape, threat survives	1	The Birds (1963)		
everyone consumed	1	Uzumaki (2000)		
everyone dies but one	1	Color Out of Space (2019)		
everyone infected	1	Shivers (1975)		
evidence destroyed	1	Cannibal Holocaust (1980)		
evil spreads anyway	1	Seklusyon (2016)		
failed exorcism	1	The Medium (2021)		
failed sacrifice	1	The Other (1972)		
faith defeats threat	1	Satan's Slave (1982)		
faith in doubt	1	The Medium (2021)		
faith triumphs	1	The Devil Rides Out (1968)		
false ending	1	Opera (1987)	staged suicide	
family escapes	1	Poltergeist (1982)		
family flees	1	The Amityville Horror (1979)		
family member saved	1	Apostle (2018)		
family moves on	1	Lake Mungo (2008)		
family reconciles	1	Bhoothakaalam (2022)		
family reconciliation	1	The Visit (2015)		
family rescued	1	Cujo (1983)		
family resumes life	1	The Fly (1958)		
family reunited in death	1	The Woman in Black (2012)		
family secret revealed	1	Raw (2016)		
father kills son	1	The Wolf Man (1941)	Sir John bludgeons the werewolf with the silver cane	
father leaves to save children	1	The Nightshifter (2018)		
father sacrifices himself	1	Impetigore (2019)		
final girl survives with baby	1	Macabre (2009)		
final scare	1	Scream (1996)		
finds what he sought	1	Marebito (2004)		
flight continues	1	Byzantium (2012)		
frame story warning	1	The Housemaid (1960)		
friend kept as zombie	1	Shaun of the Dead (2004)		
ghost consoled	1	Detention (2019)		
ghost defeated by another ghost	1	Eerie (2018)		
ghost explained as illness	1	Bhool Bhulaiyaa (2007)		
ghost lingers	1	Lake Mungo (2008)		
ghost of wife	1	Ugetsu (1953)	Genjūrō is welcomed home by Miyagi, already dead	
ghost revealed as human	1	Mahal (1949)	Asha had played Kamini	
ghost takes a child	1	Mama (2013)		
ghostly reunion	1	Goodnight Mommy (2014)		
ghosts reconciled	1	23:59 (2011)		
gift lost, hope remains	1	The Eye (2002)		
goal achieved at a cost	1	Black Swan (2010)		
grief accepted	1	Munafik (2016)		
groom vanishes	1	Demon (2015)		
guardian appointed	1	Sumpah Orang Minyak (1958)		
guilty man broken	1	Shutter (2004)		
haunting continues	1	The Others (2001)		
haunting may continue	1	House on Haunted Hill (1959)		
he knew all along	1	Pee Mak (2013)		
heir refuses the inheritance	1	Tumbbad (2018)		
hero assimilated	1	Invasion of the Body Snatchers (1978)		
hero becomes threat to win	1	30 Days of Night (2007)		
hero chooses to stay	1	Juan of the Dead (2011)		
hero dies destroying it	1	They Live (1988)		
hero dies fighting	1	Sinners (2025)		
hero displaced in time	1	Evil Dead II (1987)		
hero escapes	1	Society (1989)		
hero killed	1	The Omen (1976)		
hero kills own family	1	Kill List (2011)		
hero passes through	1	The Ninth Gate (1999)		
hero rides to next fight	1	Qodrat (2022)		
hero sacrifices himself	1	Bone Tomahawk (2015)		
hero stays in hell	1	Errementari (2017)		
hero transformed	1	Mandy (2018)		
hero was the monster	1	Us (2019)		
heroes survive	1	Nope (2022)		
heroes unrecognized	1	The Day of the Beast (1995)		
heroine dies	1	Pan's Labyrinth (2006)		
heroine keeps power	1	The Craft (1996)		
hidden identity revealed	1	Inferno (1980)		
hidden killer revealed	1	Deep Red (1975)		
hoax exposed	1	Bees Saal Baad (1962)		
hopeful	1	The Innocents (2021)		
horror revealed as staged	1	One Cut of the Dead (2017)		
host dies to end threat	1	Lights Out (2016)		
host possessed	1	Ghostwatch (1992)		
house burned down	1	Mother! (2017)		
humanity replaced	1	The Girl with All the Gifts (2016)		
hunters defeated	1	Byzantium (2012)		
husband joins the djinn	1	Djinn (2013)	Khalid, the djinn's lost son, turns on Salama	
hybrid child born	1	Titane (2021)		
identity reclaimed	1	Perfect Blue (1997)		
impostor destroyed	1	The Hole in the Ground (2019)		
innocence unaware	1	A Bay of Blood (1971)		
institution destroyed	1	Alucarda (1977)		
investigator becomes the threat	1	Cure (1997)		
investigator discovers truth	1	Bulbbul (2020)		
investigator was the culprit	1	Atlantics (2019)		
ironic last death	1	You're Next (2011)	the police officer	
it was a dream	1	Phantasm (1979)		
it was a dying dream	1	Rigor Mortis (2013)		
it was all delusion	1	The Cabinet of Dr. Caligari (1920)	the narrator is an inmate and 'Caligari' a kind director	
it was all in the mind	1	Ghost Stories (2017)		
killed by a mob	1	The Phantom of the Opera (1925)		
killer consumed by other self	1	Psycho (1960)		
killer destroyed	1	Friday the 13th (1980)		
killer dragged down by ghost	1	The Devil's Backbone (2001)		
killer killed	1	13B (2009)		
killer kills himself	1	Peeping Tom (1960)		
killer left alone	1	The Blackcoat's Daughter (2015)		
killer revealed as protagonist	1	Session 9 (2001)		
killer reveals delusion	1	Santa Sangre (1989)		
killer rises to power	1	The Cremator (1969)		
killer unmasked	1	My Bloody Valentine (1981)		
killer unmasked as family	1	Prom Night (1980)		
killer's identity revealed	1	Sleepaway Camp (1983)		
killers destroy each other	1	Blood and Black Lace (1964)		
killers destroyed	1	Scream (1996)		
killers revealed as children	1	Them (Ils) (2006)		
land drowned	1	Color Out of Space (2019)		
last companion lost	1	Pulse (Kairo) (2001)		
leaving the house	1	Bhoothakaalam (2022)		
legend lives on	1	Martin (1977)		
lesson learned too late	1	Ugetsu (1953)		
lie preserved	1	The Village (2004)		
life unlived	1	I Saw the TV Glow (2024)		
lingering doubt	1	Lights Out (2016)		
living with the ghosts	1	His House (2020)		
lone innocent escapes	1	Cube (1997)	Kazan, the savant	
lone survivor disbelieved	1	Wolf Creek (2005)		
lone survivor in wilderness	1	Calvaire (2004)		
lone survivor not believed	1	Messiah of Evil (1973)	Arletty committed to an asylum	
lone traumatised survivor	1	Tombs of the Blind Dead (1972)		
loss and despair	1	Lamb (2021)		
loss of humanity	1	Possessor (2020)		
lost sibling revealed	1	The Queen of Black Magic (1981)	Permana is Murni's older brother	
loved one becomes threat	1	Salem's Lot (1979)	Mears stakes Susan	
loved one consumed	1	Bones and All (2022)		
loved one killed	1	Ginger Snaps (2000)		
loved one killed by mistake	1	KM 31 (2006)		
loved one restored	1	You Are Not My Mother (2021)		
lover sacrificed	1	Midsommar (2019)		
lover transformed	1	Byzantium (2012)		
lovers die	1	I Walked with a Zombie (1943)	Wesley kills Jessica and drowns	
lovers leave together	1	A Girl Walks Home Alone at Night (2014)		
lovers parted	1	A Chinese Ghost Story (1987)		
lovers reunited briefly	1	Atlantics (2019)		
lovers reunited in death	1	Bram Stoker's Dracula (1992)		
lovers united	1	Bees Saal Baad (1962)		
lovers vanish together	1	Corazon: The First Aswang (2012)		
lured by deception	1	The Wicker Man (1973)	the missing girl was bait	
marriage	1	Purana Mandir (1984)		
mass casualties	1	Climax (2018)		
mercy killing	1	The Fly (1986)		
monster as protector	1	Let the Right One In (2008)		
monster child chooses	1	The Girl with All the Gifts (2016)		
monster dies sacrificing herself	1	Pari (2018)		
monster goes free	1	Tiger Stripes (2023)		
monsters reconcile	1	What We Do in the Shadows (2014)		
moral question	1	Cannibal Holocaust (1980)		
most die	1	Cube (1997)		
mother left with corpse	1	Bring Her Back (2025)		
mother rejects false child	1	Orphan (2009)		
mother sacrifices herself	1	Incantation (2022)		
mutual destruction	1	Ravenous (1999)		
mystery solved	1	Hantu Kak Limah Balik Rumah (2010)	resolved when Kak Limah's child returns; details not given	
mystery unsolved	1	Picnic at Hanging Rock (1975)		
new family formed	1	The Host (2006)		
new family survives	1	Aliens (1986)		
new life	1	Nanny (2022)		
nobody believes	1	Gonjiam: Haunted Asylum (2018)		
object kept as trophy	1	The Conjuring (2013)		
one survivor remembers	1	Detention (2019)		
oppressor destroyed	1	Thelma (2017)		
outsider accepted	1	Housebound (2014)		
outsider sole survivor	1	House of Usher (1960)		
parent destroyed by grief	1	Deathdream (1974)		
parent killed by child	1	Goodnight Mommy (2014)		
parent's sacrifice	1	Train to Busan (2016)		
parent's self-sacrifice	1	Veerana (1988)		
partial rescue	1	Bone Tomahawk (2015)		
past and present compared	1	Häxan (1922)		
past remembered	1	The Awakening (2011)		
past tragedy shown	1	A Tale of Two Sisters (2003)		
past trauma hinted	1	Repulsion (1965)	the family photo	
past victims take revenge	1	The Hunger (1983)		
peaceful acceptance	1	Jacob's Ladder (1990)	led by dead son into light	
persecutors destroyed	1	Silent Hill (2006)		
place destroyed	1	Suspiria (1977)		
plotters exposed	1	Les Diaboliques (1955)		
plotters killed	1	House on Haunted Hill (1959)		
power passes to another	1	Stree (2018)	the mysterious woman takes the braid	
predator becomes prey	1	Under the Skin (2013)		
predator killed	1	Bones and All (2022)		
predator punished	1	Barbarian (2022)		
proof captured	1	Nope (2022)		
proof survives	1	1408 (2007)		
prosperity restored	1	Qodrat (2022)		
protagonist becomes threat	1	Carved (2007)		
protagonist dies giving birth	1	Titane (2021)		
protagonist escapes	1	Hansel and Gretel (2007)		
protagonist escapes role	1	Huesera (2022)	she leaves husband and baby	
protagonist exonerated	1	The Hands of Orlac (1924)		
protagonist goes mad	1	In the Mouth of Madness (1994)		
protagonist kills a child	1	Late Night with the Devil (2023)		
protagonist kills herself	1	Triangle (2009)	kills her earlier self	
protagonist kills himself	1	Videodrome (1983)		
protagonist kills loved one	1	Let's Scare Jessica to Death (1971)	she stabs a figure that turns out to be Duncan	
protagonist kills parent	1	Longlegs (2024)		
protagonist replaced	1	The Stepford Wives (1975)		
protagonist sacrificed	1	The Wicker Man (1973)		
protagonist taken to hell	1	Drag Me to Hell (2009)		
protagonist was dead all along	1	Carnival of Souls (1962)		
protagonist was the killer	1	The Wind (2018)		
protagonists swallowed by hell	1	The Beyond (1981)		
protagonists were dead	1	The Others (2001)		
protective ghost	1	Dark Water (2002)	Yoshimi's spirit watches over Ikuko	
protectors become killers	1	It Comes at Night (2017)		
pulled back from the brink	1	Paperhouse (1988)		
punishment for looking	1	The Lighthouse (2019)		
rational explanation	1	The Hands of Orlac (1924)	Nera's fingerprint gloves exposed	
reconciliation	1	Freaks (1932)	alternate ending: Frieda forgives Hans	
redemption implied	1	Jigoku (1960)		
redemption through faith	1	Ganja & Hess (1973)	Hess returns to the church and dies	
refuses payment and is released	1	Sewu Dino (2023)		
rejecting the parent	1	Opera (1987)		
relic passes on	1	Nang Nak (1999)	the forehead bone becomes a brooch of unknown owner	
rescue too late	1	The Mist (2007)		
rescued by a friend	1	Get Out (2017)		
rescued from suicide	1	Nanny (2022)		
rescuer becomes threat	1	Insidious (2010)		
return to normal life	1	Exhuma (2024)		
returns to the grave	1	Deathdream (1974)		
reunion in death	1	The Orphanage (2007)		
revenge	1	The Lure (2015)		
revenge denied	1	Witchfinder General (1968)		
ritual fails	1	Bring Her Back (2025)		
romance begins	1	Tremors (1990)		
romance ending	1	The Old Dark House (1932)	Roger proposes to Gladys	
sceptic converted	1	Night of the Eagle (1962)		
schemer entombed alive	1	The Pit and the Pendulum (1961)		
self-mutilation	1	May (2002)		
servant killed by master	1	Dracula (1931)	Renfield	
servant revealed as avenger	1	The Housemaid (2016)	Linh and her brother kill the captain for their parents' deaths	
servitude passes on	1	Good Madam (2021)	Tsidi is seen in a maid's uniform; the house reports all is under control	
sole survivor escapes	1	The Descent (2005)		
some threats survive	1	Sinners (2025)	Stack and Mary live on as vampires	
son dies	1	Good Madam (2021)		
spirit departs	1	Kwaidan (1964)		
spirit exorcised	1	Raat (1992)		
spirit released	1	Nang Nak (1999)		
spirits appeased	1	Atlantics (2019)		
storyteller consumed by story	1	Kwaidan (1964)		
suicide	1	The Seventh Victim (1943)		
summoner destroyed	1	The Ninth Gate (1999)		
summoner dies to stop it	1	Pumpkinhead (1988)		
summoner punished	1	Kandisha (2020)		
supernatural confirmed	1	Frailty (2001)		
survivor becomes threat	1	Demons (1985)	Cheryl transforms and is shot	
survivor chooses life	1	Godzilla Minus One (2023)		
survivor dies anyway	1	Baskin (2015)		
survivor driven mad	1	Tourist Trap (1979)		
survivor endures	1	Men (2022)		
survivor escapes	1	Next of Kin (1982)		
survivor goes mad	1	From Beyond (1986)		
survivor haunted	1	Misery (1990)		
survivor infected	1	Matango (1963)		
survivor killed by rescuers	1	Night of the Living Dead (1968)		
survivor leaves betrayer to die	1	The Descent (2005)		
survivor left questioning	1	Hour of the Wolf (1968)		
survivor loses everyone	1	Feng Shui (2004)		
survivor returns home	1	The Loved Ones (2009)		
survivor surrenders	1	Frontier(s) (2007)		
survivor takes revenge	1	Hostel (2005)		
survivors comforted	1	I Walked with a Zombie (1943)		
survivors escape at dawn	1	Night of the Demons (1988)		
survivors go mad	1	Witchfinder General (1968)		
survivors in hiding	1	The First Omen (2024)		
survivors leave	1	Sleepy Hollow (1999)		
survivors leave, new ghost remains	1	The Devil's Backbone (2001)		
survivors refuse the sacrifice	1	The Cabin in the Woods (2011)		
survivors rescue children	1	Children of the Corn (1984)		
survivors return	1	Jaws (1975)		
survivors spared	1	Saloum (2021)		
survivors tell the story	1	KKN di Desa Penari (2022)		
sympathy for the monster	1	King Kong (1933)		
taken by the dead	1	Carnival of Souls (1962)		
temptation resisted	1	Cronos (1993)		
the dead are everywhere	1	Stir of Echoes (1999)		
the dead take revenge	1	Tigers Are Not Afraid (2017)		
threat abandons host	1	The Blackcoat's Daughter (2015)		
threat and victim merge	1	Tetsuo: The Iron Man (1989)		
threat born and survives	1	When Evil Lurks (2023)		
threat bound	1	The Craft (1996)		
threat breaks into reality	1	The Company of Wolves (1984)		
threat burns out	1	28 Days Later (2002)		
threat confined	1	High Tension (2003)		
threat confronted through ritual	1	Huesera (2022)		
threat departs	1	Lifeforce (1985)		
threat destroyed by beloved	1	Bram Stoker's Dracula (1992)		
threat destroyed by god	1	Munafik (2016)		
threat destroyed by mob	1	Frankenstein (1931)	villagers burn the windmill with the Monster inside	
threat destroys itself	1	Bride of Frankenstein (1935)	the Monster blows up the tower with Pretorius and the Bride	
threat devoured	1	Beetlejuice (1988)		
threat dies unmourned	1	Rabid (1977)		
threat domesticated	1	Shaun of the Dead (2004)		
threat driven off	1	IT (2017)		
threat ends too	1	Viy (1967)		
threat entombed	1	The Hunger (1983)	Miriam trapped in a coffin	
threat escapes with victim	1	Let the Right One In (2008)	Oskar leaves with Eli as new companion	
threat executed	1	Dukun (2018)		
threat exorcised	1	Jangan Pandang Belakang (2007)		
threat imprisoned again	1	Wes Craven's New Nightmare (1994)		
threat killed by mistake	1	Martin (1977)	Cuda stakes Martin for a death that was a suicide	
threat leader destroyed	1	30 Days of Night (2007)		
threat lives on in a pregnancy	1	Splice (2009)		
threat may return	1	Godzilla (1954)		
threat multiplies	1	It's Alive (1974)		
threat passes to child	1	The Taking of Deborah Logan (2014)		
threat replaces victim	1	Hatching (2022)		
threat returns	1	The Fog (1980)	Malone killed as the sixth	
threat returns to hell	1	Sleepy Hollow (1999)		
threat returns to nature	1	The Lure (2015)		
threat seemingly dispelled	1	Shake, Rattle & Roll (1984)	"Pridyider"	
threat spreading	1	The Birds (1963)		
threat spreads outward	1	Shivers (1975)		
threat spreads to world	1	Tetsuo: The Iron Man (1989)		
threat survives and spreads	1	Ju-on: The Grudge (2002)		
threat survives in survivors	1	Annihilation (2018)		
threat tamed and sold	1	Rare Exports (2010)		
threat transformed	1	Valerie and Her Week of Wonders (1970)	Richard turned into a polecat	
threat vanishes	1	Alucarda (1977)		
threat's lair remains	1	From Dusk till Dawn (1996)		
time reversed	1	The Devil Rides Out (1968)		
transcendence promised	1	Videodrome (1983)		
transgressors die	1	KKN di Desa Penari (2022)		
trapped forever	1	Ghost Stories (2017)		
trapped in illusion	1	The Tag-Along (2015)		
trapped in the other world	1	Silent Hill (2006)		
true origin revealed	1	Border (2018)		
truth dismissed as tabloid	1	Dog Soldiers (2002)		
truth exposed	1	They Live (1988)		
truth hidden	1	Don't Breathe (2016)		
truth ignored	1	Trollhunter (2010)		
truth not believed	1	The Howling (1981)		
truth revealed	1	The Changeling (1980)		
twist ending	1	Sleepaway Camp (1983)		
two survivors	1	Green Room (2015)		
two survivors escape	1	May the Devil Take You (2018)		
tyranny falls	1	The Serpent and the Rainbow (1988)		
tyrant killed	1	Pan's Labyrinth (2006)		
tyrant killed by the monster	1	Day of the Dead (1985)		
uneasy coexistence	1	The Babadook (2014)		
unexplained event recorded	1	Veronica (2017)		
victim absorbed by house	1	The Haunting (1963)		
victim absorbed by the place	1	The Shining (1980)	Jack in a 1921 photograph	
victim accepts imposed identity	1	Calvaire (2004)		
victim accepts the evil	1	Rosemary's Baby (1968)	Rosemary rocks the cradle	
victim becomes holy figure	1	The Exorcism of Emily Rose (2005)		
victim becomes object	1	Lisa and the Devil (1973)		
victim becomes threat, killed	1	An American Werewolf in London (1981)		
victim believed	1	The Entity (1982)		
victim breaks free	1	Eyes Without a Face (1960)	Christiane walks into the woods	
victim catatonic	1	Repulsion (1965)		
victim cured	1	Near Dark (1987)		
victim disappears	1	Hour of the Wolf (1968)		
victim escapes stronger	1	The Black Phone (2021)		
victim executed	1	Häxan (1922)	Anna sentenced to burn	
victim feeds the threat	1	The Untamed (2016)	Alejandra delivers Ángel to the creature	
victim forgets	1	The Exorcist (1973)		
victim freed from possession	1	Santa Sangre (1989)		
victim healed	1	Manichitrathazhu (1993)		
victim impregnated	1	The House of the Devil (2009)		
victim joins the threat	1	Midsommar (2019)	Dani crowned and adopted	
victim kidnapped	1	Censor (2021)		
victim kills abuser	1	The Invisible Man (2020)		
victim leaves home	1	The Entity (1982)		
victim maimed but spared	1	Kwaidan (1964)	Hoichi loses his ears but becomes wealthy	
victim possessed	1	Smile (2022)		
victim refuses death	1	The Night House (2020)		
victim returns to captor	1	The Wolf House (2018)		
victim revealed as greater threat	1	Suspiria (2018)		
victim rises	1	Ganja & Hess (1973)		
victim saved	1	Dracula (Horror of Dracula) (1958)		
victim taken	1	Jeepers Creepers (2001)		
victim takes threat's power	1	The Invisible Man (2020)		
victim transcends	1	Martyrs (2008)		
victims become killers	1	The Last House on the Left (1972)		
victims become violent	1	The Hills Have Eyes (1977)		
victims left damaged	1	Weapons (2025)		
victims restored	1	The Lost Boys (1987)		
victims take revenge	1	The People Under the Stairs (1991)		
villain driven mad	1	The Craft (1996)		
villain hidden in plain sight	1	Saw (2004)		
villain punished	1	The Masque of the Red Death (1964)		
villain punished supernaturally	1	At Midnight I'll Take Your Soul (1964)		
villain transformed as punishment	1	Freaks (1932)		
violence goes on air	1	Thesis (1996)		
vow to return	1	IT (2017)		
warning finally believed	1	Invasion of the Body Snatchers (1956)		
warning of more to come	1	Them! (1954)		
weakness discovered	1	A Quiet Place (2018)		
wealth redistributed	1	The People Under the Stairs (1991)		
wider threat wins	1	Frontier(s) (2007)	far-right candidate becomes president	
witness silenced	1	Sisters (1972)		
witness survives	1	Thirst (2009)		
witnesses vanish	1	Trollhunter (2010)		
world revealed as unreal	1	Cemetery Man (1994)		
wrong person blamed	1	Black Christmas (1974)		
