code,name,status,beat,roots
WOM,The Woman Who Comes Back,active,A wronged woman returns from death for her due,"Pontianak (Malay); Oiwa, Yotsuya Kaidan (Japanese, 1825); La Llorona (Mexican); Okiku, Banchō Sarayashiki (Japanese)"
HOU,The House Remembers,active,A place holds the wrong done in it,"Pliny the Younger's haunted house at Athens, Letters 7.27 (Roman); Okiku's well (Japanese)"
CUR,The Inherited Curse,active,A wrong done long ago lands on you,Mahsuri's curse on Langkawi (Malay); the House of Atreus (Greek)
OBJ,The Thing You Took Home,active,A cursed object carries the harm,"Pandora's jar (Greek); tsukumogami, objects that gain spirits (Japanese); keris believed to hold spirits (Malay); The Monkey's Paw (English, 1902)"
POS,The Voice Inside,active,Something else speaks through someone you love,"The Gerasene demoniac (Gospels); the dybbuk (Ashkenazi Jewish); jinn possession, rasukan (Islamic and Malay folk belief); kitsunetsuki, fox possession (Japanese)"
BAR,The Bargain,active,Wealth or power bought from something that will collect,"Faust (German); pesugihan, wealth pacts with spirits (Javanese); keeping a toyol or polong (Malay); the smith and the devil, ATU 330 (European)"
CHI,The Wrong Child,active,The child is not what it seems,The changeling (European); the toyol (Malay)
MOT,The Devouring Mother,active,"The one who should protect is the danger, or grief makes her one",Medea and Lamia (Greek); La Llorona (Mexican)
DOU,The Double,active,"The self, or someone you love, is replaced or split",Narcissus (Greek); the doppelgänger (German); the fetch (Irish)
BEA,The Beast Within,active,A person becomes the animal,"Lycaon (Greek, Ovid); harimau jadian, the weretiger (Malay); úlfheðnar wolf-warriors (Norse)"
FEE,The One Who Feeds,active,The dead or undead live on the living,Penanggalan (Malay); strigoi (Romanian); jiangshi (Chinese); vetala (Indian)
REV,The Dead Won't Stay Dead,active,"What was buried returns, wrong","Izanami (Japanese, Kojiki); draugr (Norse); the zombi (Haitian folk belief); pocong (Malay/Indonesian)"
BOO,The Book You Shouldn't Read,active,Knowledge that destroys the reader,The Book of Thoth in the tale of Setne Khamwas (Egyptian); the tree of knowledge (Hebrew)
INV,You Invited It In,active,The threshold is crossed because someone let it,The vampire must be invited (European folklore); the Trojan horse (Greek); Bloody Mary (folk ritual); Kokkuri-san (Japanese)
HOS,The Bad Host,active,Shelter becomes the trap,"Polyphemus (Greek, Odyssey); Hansel and Gretel (German); Thyestes' feast (Greek); Baba Yaga's hut (Slavic)"
SAC,The Village Needs Blood,active,A community buys its survival with someone,Iphigenia (Greek); Jephthah's daughter (Hebrew)
HUN,The Hunger,active,An appetite that turns you into the monster,"Erysichthon (Greek, Ovid); gaki or preta, the hungry ghosts (Buddhist); the wendigo (Algonquian peoples; handle with care)"
OUT,The Thing Outside,active,Something hunts the village,Grendel (Old English); the Minotaur (Greek); Yamata no Orochi (Japanese)
PAT,Stray From the Path,active,The slasher as cautionary tale: break the rule of the village and be taken,"Little Red Riding Hood with Perrault's moral (French, 1697); the warning to be home by maghrib (Malay)"
MAD,The Thing We Made,active,Our creation turns on us,The Golem of Prague (Jewish); Prometheus and Talos (Greek)
BOD,The Body Betrays,active,Transformation from the inside,Ovid's Metamorphoses (Roman); Kafka's Metamorphosis (1915)
CON,The Contagion,active,Horror that spreads person to person,"The plagues of Egypt (Hebrew); Apollo's plague, Iliad book 1 (Greek)"
WIT,The Witch at the Edge of the Woods,active,"Power outside the community, feared and sought",Baba Yaga (Slavic); Circe (Greek); Nenek Kebayan (Malay)
CAS,Nobody Believes Her,active,She sees it; no one listens,Cassandra and Laocoön (Greek)
DES,The Descent,active,"Down into the dark, and something comes back with you",Inanna (Sumerian); Orpheus (Greek); Izanagi (Japanese)
RUL,The Rule,active,"Survive by one rule: don't look, don't speak, don't move","Medusa (Greek); Orpheus (Greek); Lot's wife (Hebrew); the Crane Wife, Tsuru no Ongaeshi (Japanese)"
LOO,The Endless Night,probation,Trapped in repetition until you change,Sisyphus (Greek); samsara (Hindu/Buddhist)
