id,title,year,country,region,archetype_primary,archetype_secondary,pilot,wikidata,imdb,status
1913-the-student-of-prague,The Student of Prague,1913,Germany,Continental Europe,DOU,BAR,,Q551025,tt0003419,ids; facts; subs_en
1920-the-cabinet-of-dr-caligari,The Cabinet of Dr. Caligari,1920,Germany,Continental Europe,CAS,POS,,Q153886,tt0010323,ids; facts; subs_en; subs_native; stills
1920-the-golem,The Golem,1920,Germany,Continental Europe,MAD,,,Q522754,tt0011237,ids; facts; subs_en; stills
1922-h-xan,Häxan,1922,Sweden,Continental Europe,WIT,POS,,Q1438966,tt0013257,ids; facts; subs_en; stills
1922-nosferatu,Nosferatu,1922,Germany,Continental Europe,FEE,CON,yes,Q151895,tt0013442,ids; facts; subs_en; subs_native; stills; full_film; story
1924-the-hands-of-orlac,The Hands of Orlac,1924,Austria,Continental Europe,BOD,,,Q684471,tt0015202,ids; facts; subs_en; stills
1925-the-phantom-of-the-opera,The Phantom of the Opera,1925,US,North America,HOU,OUT,,Q927919,tt0016220,ids; facts; subs_en
1931-dr-jekyll-and-mr-hyde,Dr. Jekyll and Mr. Hyde,1931,US,North America,DOU,BEA,,Q830778,tt0022835,ids; facts; subs_en; stills
1931-dracula,Dracula,1931,US,North America,FEE,INV,,Q279378,tt0021814,ids; facts; subs_en; stills
1931-frankenstein,Frankenstein,1931,US,North America,MAD,,,Q546829,tt0021884,ids; facts; subs_en; stills
1932-freaks,Freaks,1932,US,North America,INV,,,Q1133723,tt0022913,ids; facts; subs_en; stills
1932-island-of-lost-souls,Island of Lost Souls,1932,US,North America,MAD,BOD,,Q1862094,tt0024188,ids; facts; subs_en; stills
1932-the-mummy,The Mummy,1932,US,North America,REV,CUR,,Q909071,tt0023245,ids; facts; subs_en
1932-the-old-dark-house,The Old Dark House,1932,US,North America,HOS,HOU,,Q1168873,tt0023293,ids; facts; subs_en; stills
1932-vampyr,Vampyr,1932,France,Continental Europe,FEE,,,Q304923,tt0023649,ids; facts; subs_en; subs_native; stills
1932-white-zombie,White Zombie,1932,US,North America,REV,,,Q1751461,tt0023694,ids; facts; subs_en
1933-king-kong,King Kong,1933,US,North America,OUT,,,Q309048,tt0024216,ids; facts; subs_en; stills
1933-the-invisible-man,The Invisible Man,1933,US,North America,MAD,BAR,,Q135932,tt0024184,ids; facts; subs_en
1934-the-black-cat,The Black Cat,1934,US,North America,SAC,,,Q1219330,tt0024894,ids; facts; subs_en
1935-bride-of-frankenstein,Bride of Frankenstein,1935,US,North America,MAD,,,Q875904,tt0026138,ids; facts; subs_en
1941-the-wolf-man,The Wolf Man,1941,US,North America,BEA,CUR,,Q431873,tt0034398,ids; facts; subs_en; stills
1942-cat-people,Cat People,1942,US,North America,BEA,CUR,,Q1542184,tt0034587,ids; facts; subs_en; scares; stills
1943-i-walked-with-a-zombie,I Walked with a Zombie,1943,US,North America,REV,,,Q1633356,tt0036027,ids; facts; subs_en
1943-the-seventh-victim,The Seventh Victim,1943,US,North America,WIT,SAC,,Q31212,tt0036341,ids; facts; subs_en; stills
1944-the-uninvited,The Uninvited,1944,US,North America,HOU,WOM,,Q1199728,tt0037415,ids; facts; subs_en; stills
1945-dead-of-night,Dead of Night,1945,UK,UK & Ireland,OBJ,DOU,,Q2298679,tt0037635,ids; facts; subs_en; stills
1945-the-picture-of-dorian-gray,The Picture of Dorian Gray,1945,US,North America,BAR,DOU,,Q1167299,tt0037988,ids; facts; subs_en
1949-mahal,Mahal,1949,India,South Asia,WOM,HOU,,Q958425,tt0041619,ids; facts; subs_en
1953-ugetsu,Ugetsu,1953,Japan,East Asia,WOM,,,Q1076605,tt0046478,ids; facts; subs_en; stills
1954-creature-from-the-black-lagoon,Creature from the Black Lagoon,1954,US,North America,OUT,,,Q124612,tt0046876,ids; facts; subs_en
1954-godzilla,Godzilla,1954,Japan,East Asia,OUT,,,Q860461,tt0047034,ids; facts; subs_en
1954-them,Them!,1954,US,North America,OUT,,,Q578809,tt0047573,ids; facts; subs_en; stills
1955-les-diaboliques,Les Diaboliques,1955,France,Continental Europe,REV,CAS,,Q739046,tt0046911,ids; facts; subs_en; subs_native
1956-invasion-of-the-body-snatchers,Invasion of the Body Snatchers,1956,US,North America,DOU,CAS,,Q45386,tt0049366,ids; facts; subs_en
1957-night-of-the-demon,Night of the Demon,1957,UK,UK & Ireland,OBJ,BOO,,Q630237,tt0050766,ids; facts; subs_en; stills
1957-the-curse-of-frankenstein,The Curse of Frankenstein,1957,UK,UK & Ireland,MAD,,,Q1444756,tt0050280,ids; facts; subs_en; stills
1958-dracula-horror-of-dracula,Dracula (Horror of Dracula),1958,UK,UK & Ireland,FEE,,,Q642842,tt0051554,ids; facts; subs_en
1958-sumpah-orang-minyak,Sumpah Orang Minyak,1958,Malaysia,Southeast Asia,BAR,,,,,not started
1958-the-blob,The Blob,1958,US,North America,OUT,CAS,,Q224964,tt0051418,ids; facts; subs_en; scares
1958-the-fly,The Fly,1958,US,North America,BOD,MAD,,Q1212494,tt0051622,ids; facts; subs_en
1959-house-on-haunted-hill,House on Haunted Hill,1959,US,North America,HOU,HOS,,Q263583,tt0051744,ids; facts; subs_en
1960-black-sunday,Black Sunday,1960,Italy,Continental Europe,WIT,REV,,Q1216566,tt0054067,ids; facts; subs_en; stills
1960-eyes-without-a-face,Eyes Without a Face,1960,France,Continental Europe,MAD,BOD,,Q760244,tt0053459,ids; facts; subs_en; subs_native; scares
1960-house-of-usher,House of Usher,1960,US,North America,HOU,CUR,,Q2049168,tt0053925,ids; facts; subs_en
1960-jigoku,Jigoku,1960,Japan,East Asia,DES,,,Q3808273,tt0154683,ids; facts; subs_en
1960-peeping-tom,Peeping Tom,1960,UK,UK & Ireland,DOU,RUL,,Q478395,tt0054167,ids; facts; subs_en; stills
1960-psycho,Psycho,1960,US,North America,MOT,DOU,yes,Q163038,tt0054215,ids; facts; screenplay; scares; stills; story
1960-the-housemaid,The Housemaid,1960,South Korea,East Asia,INV,,,Q49729,tt0150980,ids; facts; subs_en; subs_native
1960-village-of-the-damned,Village of the Damned,1960,UK,UK & Ireland,CHI,,,Q658009,tt0054443,ids; facts; subs_en; stills
1961-the-innocents,The Innocents,1961,UK,UK & Ireland,HOU,CHI,,Q666082,tt0055018,ids; facts; subs_en; scares; stills
1961-the-pit-and-the-pendulum,The Pit and the Pendulum,1961,US,North America,DES,,,Q1170048,tt0055304,ids; facts; subs_en
1962-bees-saal-baad,Bees Saal Baad,1962,India,South Asia,WOM,CUR,,Q4880107,tt0055783,ids; facts; subs_en
1962-carnival-of-souls,Carnival of Souls,1962,US,North America,REV,DES,,Q1852671,tt0055830,ids; facts; subs_en; scares; stills
1962-night-of-the-eagle,Night of the Eagle,1962,UK,UK & Ireland,WIT,,,Q1641223,tt0056279,ids; facts; subs_en
1963-black-sabbath,Black Sabbath,1963,Italy,Continental Europe,FEE,OBJ,,Q2270855,tt0057603,ids; facts; subs_en; stills
1963-matango,Matango,1963,Japan,East Asia,BOD,,,Q2483699,tt0057295,ids; facts; subs_en
1963-the-birds,The Birds,1963,US,North America,OUT,,,Q110043,tt0056869,ids; facts; subs_en; screenplay; stills
1963-the-haunting,The Haunting,1963,UK,UK & Ireland,HOU,,,Q865987,tt0057129,ids; facts; subs_en; scares; stills
1964-at-midnight-i-ll-take-your-soul,At Midnight I'll Take Your Soul,1964,Brazil,Latin America,BAR,,,Q2051858,tt0059440,ids; facts; subs_en; stills
1964-blood-and-black-lace,Blood and Black Lace,1964,Italy,Continental Europe,PAT,,,Q886645,tt0058567,ids; facts; subs_en; stills
1964-kwaidan,Kwaidan,1964,Japan,East Asia,WOM,RUL,,Q133488,tt0058279,ids; facts; subs_en; stills
1964-onibaba,Onibaba,1964,Japan,East Asia,OBJ,,,Q1190090,tt0058430,ids; facts; subs_en; stills
1964-the-masque-of-the-red-death,The Masque of the Red Death,1964,UK,UK & Ireland,CON,,,Q2225929,tt0058333,ids; facts; subs_en; stills
1965-repulsion,Repulsion,1965,UK,UK & Ireland,DOU,CAS,,Q954816,tt0059646,ids; facts; subs_en; scares; stills
1966-kill-baby-kill,"Kill, Baby, Kill",1966,Italy,Continental Europe,CHI,WOM,,Q1094366,tt0060794,ids; facts; subs_en; subs_native; stills
1967-viy,Viy,1967,USSR,Continental Europe,WIT,,,Q331405,tt0062453,ids; facts; subs_en; stills
1968-hour-of-the-wolf,Hour of the Wolf,1968,Sweden,Continental Europe,DOU,,,Q918111,tt0063759,ids; facts; subs_en; scares; stills
1968-kuroneko,Kuroneko,1968,Japan,East Asia,WOM,BEA,,Q2698704,tt0122136,ids; facts; subs_en; scares
1968-night-of-the-living-dead,Night of the Living Dead,1968,US,North America,REV,OUT,,Q623051,tt0063350,ids; facts; subs_en; screenplay; scares; stills
1968-rosemary-s-baby,Rosemary's Baby,1968,US,North America,BAR,CAS,,Q607179,tt0063522,ids; facts; subs_en; screenplay; stills
1968-the-devil-rides-out,The Devil Rides Out,1968,UK,UK & Ireland,BAR,WIT,,Q2279077,tt0062885,ids; facts; subs_en; stills
1968-witchfinder-general,Witchfinder General,1968,UK,UK & Ireland,WIT,,,Q1194311,tt0063285,ids; facts; subs_en; stills
1969-the-cremator,The Cremator,1969,Czechoslovakia,Continental Europe,DOU,,,Q3178853,tt0063633,ids; facts; subs_en; stills
1970-valerie-and-her-week-of-wonders,Valerie and Her Week of Wonders,1970,Czechoslovakia,Continental Europe,FEE,,,Q1765158,tt0066516,ids; facts; subs_en
1971-a-bay-of-blood,A Bay of Blood,1971,Italy,Continental Europe,PAT,,,,,not started
1971-blood-on-satan-s-claw,Blood on Satan's Claw,1971,UK,UK & Ireland,WIT,SAC,,Q3425459,tt0066849,ids; facts; subs_en
1971-daughters-of-darkness,Daughters of Darkness,1971,Belgium,Continental Europe,FEE,,,Q631568,tt0067690,ids; facts; subs_en; stills
1971-let-s-scare-jessica-to-death,Let's Scare Jessica to Death,1971,US,North America,FEE,CAS,,Q4313024,tt0067341,ids; facts; subs_en; stills
1972-don-t-torture-a-duckling,Don't Torture a Duckling,1972,Italy,Continental Europe,WIT,CAS,,Q2738606,tt0069019,ids; facts; subs_en; stills
1972-sisters,Sisters,1972,US,North America,DOU,,,Q1216160,tt0070698,ids; facts; subs_en
1972-the-last-house-on-the-left,The Last House on the Left,1972,US,North America,HOS,PAT,,Q1141504,tt0068833,ids; facts; subs_en
1972-the-other,The Other,1972,US,North America,DOU,CHI,,Q1059536,tt0069050,ids; facts; subs_en; stills
1972-tombs-of-the-blind-dead,Tombs of the Blind Dead,1972,Spain,Continental Europe,REV,,,Q1215052,tt0067500,ids; facts; subs_en
1973-don-t-look-now,Don't Look Now,1973,UK,UK & Ireland,RUL,CHI,,Q660245,tt0069995,ids; facts; subs_en; screenplay; stills
1973-ganja-hess,Ganja & Hess,1973,US,North America,FEE,,,Q5521344,tt0068619,ids; facts; subs_en; stills
1973-lisa-and-the-devil,Lisa and the Devil,1973,Italy,Continental Europe,BAR,HOU,,Q677636,tt0068863,ids; facts; subs_en; stills
1973-messiah-of-evil,Messiah of Evil,1973,US,North America,REV,CON,,Q6821972,tt0071396,ids; facts; subs_en; stills
1973-the-exorcist,The Exorcist,1973,US,North America,POS,,yes,Q274167,tt0070047,ids; facts; subs_en; screenplay; scares; stills; story
1973-the-legend-of-hell-house,The Legend of Hell House,1973,UK,UK & Ireland,HOU,,,Q3210392,tt0070294,ids; facts; subs_en; scares
1973-the-wicker-man,The Wicker Man,1973,UK,UK & Ireland,SAC,HOS,,Q1140649,tt0070917,ids; facts; screenplay; scares; stills
1974-black-christmas,Black Christmas,1974,Canada,North America,PAT,INV,,Q783069,tt0071222,ids; facts; subs_en; screenplay; scares; stills
1974-deathdream,Deathdream,1974,US,North America,REV,,,Q33671,tt0068457,ids; facts; subs_en
1974-it-s-alive,It's Alive,1974,US,North America,CHI,MOT,,Q774229,tt0071675,ids; facts
1974-the-texas-chain-saw-massacre,The Texas Chain Saw Massacre,1974,US,North America,HOS,PAT,,Q886597,tt0072271,ids; facts; subs_en; screenplay; scares
1975-deep-red,Deep Red,1975,Italy,Continental Europe,CAS,,,Q1516994,tt0073582,ids; facts; scares; stills
1975-jaws,Jaws,1975,US,North America,OUT,CAS,,Q189505,tt0073195,ids; facts; subs_en; screenplay; scares; stills
1975-picnic-at-hanging-rock,Picnic at Hanging Rock,1975,Australia,Australia & NZ,DES,,,Q1421747,tt0073540,ids; facts; subs_en; screenplay; stills
1975-shivers,Shivers,1975,Canada,North America,CON,,,Q1520388,tt0073705,ids; facts; stills
1975-the-stepford-wives,The Stepford Wives,1975,US,North America,DOU,MAD,,Q764639,tt0073747,ids; facts
1976-burnt-offerings,Burnt Offerings,1976,US,North America,HOU,SAC,,Q1191134,tt0074258,ids; facts
1976-carrie,Carrie,1976,US,North America,MOT,BOD,,Q162672,tt0074285,ids; facts; screenplay; scares; stills
1976-the-house-with-laughing-windows,The House with Laughing Windows,1976,Italy,Continental Europe,SAC,,,Q2602481,tt0074287,ids; facts; subs_en; subs_native
1976-the-omen,The Omen,1976,US,North America,CHI,BAR,,Q836298,tt0075005,ids; facts; screenplay; scares; stills
1976-who-can-kill-a-child,Who Can Kill a Child?,1976,Spain,Continental Europe,CHI,,,Q1304731,tt0075462,ids; facts; subs_en; subs_native
1977-alucarda,Alucarda,1977,Mexico,Latin America,POS,WIT,,Q2840526,tt0075666,ids; facts; subs_en; subs_native
1977-eraserhead,Eraserhead,1977,US,North America,CHI,BOD,,Q11618,tt0074486,ids; facts; subs_en; scares; stills
1977-house-hausu,House (Hausu),1977,Japan,East Asia,HOU,HOS,,Q1132905,tt0076162,ids; facts; subs_en; stills
1977-martin,Martin,1977,US,North America,FEE,,,Q1903317,tt0077914,ids; facts
1977-rabid,Rabid,1977,Canada,North America,CON,FEE,,Q2061958,tt0076590,ids; facts; stills
1977-suspiria,Suspiria,1977,Italy,Continental Europe,WIT,,,Q546900,tt0076786,ids; facts; subs_en; subs_native; scares; stills
1977-the-hills-have-eyes,The Hills Have Eyes,1977,US,North America,HOS,,,Q994724,tt0077681,ids; facts; subs_en; screenplay
1977-the-sentinel,The Sentinel,1977,US,North America,HOU,DES,,Q609312,tt0076683,ids; facts; stills
1978-dawn-of-the-dead,Dawn of the Dead,1978,US,North America,REV,CON,,Q219155,tt0077402,ids; facts; stills
1978-halloween,Halloween,1978,US,North America,PAT,,,Q221103,tt0077651,ids; facts; subs_en; screenplay; scares; stills
1978-invasion-of-the-body-snatchers,Invasion of the Body Snatchers,1978,US,North America,DOU,CON,,Q598818,tt0077745,ids; facts; screenplay; scares
1978-long-weekend,Long Weekend,1978,Australia,Australia & NZ,OUT,,,Q3259052,tt0079482,ids; facts; subs_en
1978-magic,Magic,1978,US,North America,OBJ,DOU,,Q910887,tt0077889,ids; facts; subs_en; stills
1978-the-shout,The Shout,1978,UK,UK & Ireland,INV,,,Q1197556,tt0078259,ids; facts; stills
1979-alien,Alien,1979,US,North America,OUT,BOD,,Q103569,tt0078748,ids; facts; subs_en; screenplay
1979-nosferatu-the-vampyre,Nosferatu the Vampyre,1979,West Germany,Continental Europe,FEE,CON,,Q160259,tt0079641,ids; facts
1979-phantasm,Phantasm,1979,US,North America,DES,REV,,Q612740,tt0079714,ids; facts; subs_en; scares
1979-salem-s-lot,Salem's Lot,1979,US,North America,FEE,INV,,,,not started
1979-the-amityville-horror,The Amityville Horror,1979,US,North America,HOU,POS,,Q472512,tt0078767,ids; facts; subs_en; screenplay; scares; stills
1979-the-brood,The Brood,1979,Canada,North America,MOT,BOD,,Q389911,tt0078908,ids; facts; subs_en; stills
1979-tourist-trap,Tourist Trap,1979,US,North America,HOS,OBJ,,Q1809491,tt0080040,ids; facts; subs_en; scares
1979-zombi-2,Zombi 2,1979,Italy,Continental Europe,REV,,,Q903613,tt0080057,ids; facts; subs_en; subs_native
1980-cannibal-holocaust,Cannibal Holocaust,1980,Italy,Continental Europe,HOS,HUN,,Q832093,tt0078935,ids; facts; subs_en; subs_native
1980-city-of-the-living-dead,City of the Living Dead,1980,Italy,Continental Europe,REV,DES,,Q1093026,tt0081318,ids; facts; subs_en; subs_native; stills
1980-friday-the-13th,Friday the 13th,1980,US,North America,MOT,PAT,,Q1243029,tt0080761,ids; facts; screenplay; scares; stills
1980-inferno,Inferno,1980,Italy,Continental Europe,WIT,HOU,,Q971109,tt0080923,ids; facts; subs_en; subs_native
1980-prom-night,Prom Night,1980,Canada,North America,PAT,,,Q686249,tt0081383,ids; facts; subs_en
1980-the-changeling,The Changeling,1980,Canada,North America,HOU,,,Q1168623,tt0080516,ids; facts; subs_en; scares
1980-the-fog,The Fog,1980,US,North America,REV,CUR,,Q500403,tt0080749,ids; facts; subs_en; screenplay; scares; stills
1980-the-shining,The Shining,1980,US,North America,HOU,POS,,Q186341,tt0081505,ids; facts; screenplay; scares; stills
1981-an-american-werewolf-in-london,An American Werewolf in London,1981,UK,UK & Ireland,BEA,CUR,,Q467290,tt0082010,ids; facts; screenplay; scares; stills
1981-ghost-story,Ghost Story,1981,US,North America,WOM,REV,,Q230488,tt0082449,ids; facts; subs_en
1981-my-bloody-valentine,My Bloody Valentine,1981,Canada,North America,PAT,,,Q886675,tt0082782,ids; facts; subs_en; scares
1981-mystics-in-bali,Mystics in Bali,1981,Indonesia,Southeast Asia,FEE,WIT,,Q3472181,tt0097942,ids; facts; subs_en
1981-possession,Possession,1981,France,Continental Europe,DOU,BOD,,Q1773078,tt0082933,ids; facts; subs_en; subs_native; stills
1981-scanners,Scanners,1981,Canada,North America,BOD,,,Q551823,tt0081455,ids; facts; subs_en; screenplay; stills
1981-the-beyond,The Beyond,1981,Italy,Continental Europe,DES,BOO,,Q330982,tt0082307,ids; facts; subs_en; scares; stills
1981-the-evil-dead,The Evil Dead,1981,US,North America,BOO,POS,,Q327604,tt0083907,ids; facts; subs_en; screenplay; scares
1981-the-howling,The Howling,1981,US,North America,BEA,,,Q1170554,tt0082533,ids; facts; screenplay; scares; stills
1981-the-queen-of-black-magic,The Queen of Black Magic,1981,Indonesia,Southeast Asia,WIT,,,Q12508182,tt0078871,ids; facts; subs_en; subs_native
1982-cat-people,Cat People,1982,US,North America,BEA,,,Q1426423,tt0083722,ids; facts; subs_en; stills
1982-next-of-kin,Next of Kin,1982,Australia,Australia & NZ,HOU,HOS,,Q7021192,tt0084408,ids; facts; subs_en
1982-poltergeist,Poltergeist,1982,US,North America,HOU,CHI,,Q497622,tt0084516,ids; facts; screenplay; scares; stills
1982-satan-s-slave,Satan's Slave,1982,Indonesia,Southeast Asia,REV,BAR,,,,not started
1982-tenebrae,Tenebrae,1982,Italy,Continental Europe,DOU,,,Q1811797,tt0084777,ids; facts
1982-the-entity,The Entity,1982,US,North America,CAS,INV,,Q2714553,tt0082334,ids; facts; subs_en; screenplay; stills
1982-the-thing,The Thing,1982,US,North America,DOU,OUT,,Q210756,tt0084787,ids; facts; subs_en; screenplay; scares; stills
1983-christine,Christine,1983,US,North America,OBJ,,,Q753449,tt0085333,ids; facts; subs_en; screenplay
1983-cujo,Cujo,1983,US,North America,OUT,,,Q829996,tt0085382,ids; facts; subs_en; scares
1983-sleepaway-camp,Sleepaway Camp,1983,US,North America,DOU,PAT,,Q886669,tt0086320,ids; facts; subs_en; scares
1983-the-dead-zone,The Dead Zone,1983,US,North America,CAS,,,Q466792,tt0085407,ids; facts; screenplay; stills
1983-the-hunger,The Hunger,1983,UK,UK & Ireland,FEE,,,Q814334,tt0085701,ids; facts; stills
1983-videodrome,Videodrome,1983,Canada,North America,BOD,OBJ,,Q747551,tt0086541,ids; facts; subs_en; scares; stills
1984-a-nightmare-on-elm-street,A Nightmare on Elm Street,1984,US,North America,PAT,CUR,,Q329434,tt0087800,ids; facts; subs_en; screenplay; scares; stills
1984-children-of-the-corn,Children of the Corn,1984,US,North America,CHI,SAC,,Q467953,tt0087050,ids; facts; screenplay; scares
1984-gremlins,Gremlins,1984,US,North America,RUL,,,Q241958,tt0087363,ids; facts; subs_en; screenplay; scares; stills
1984-purana-mandir,Purana Mandir,1984,India,South Asia,CUR,,,Q7260826,tt0253514,ids; facts; subs_en
1984-razorback,Razorback,1984,Australia,Australia & NZ,OUT,,,Q3421387,tt0087981,ids; facts; subs_en; stills
1984-shake-rattle-roll,"Shake, Rattle & Roll",1984,Philippines,Southeast Asia,FEE,,,Q7462569,tt0156066,ids; facts
1984-the-company-of-wolves,The Company of Wolves,1984,UK,UK & Ireland,BEA,PAT,,Q609936,tt0087075,ids; facts; stills
1985-day-of-the-dead,Day of the Dead,1985,US,North America,REV,MAD,,Q219170,tt0088993,ids; facts; subs_en; scares; stills
1985-demons,Demons,1985,Italy,Continental Europe,CON,POS,,Q1269691,tt0089013,ids; facts; stills
1985-fright-night,Fright Night,1985,US,North America,FEE,INV,,Q371456,tt0089175,ids; facts; scares
1985-lifeforce,Lifeforce,1985,UK,UK & Ireland,FEE,CON,,Q1455006,tt0089489,ids; facts; stills
1985-mr-vampire,Mr. Vampire,1985,Hong Kong,East Asia,FEE,REV,,Q1185829,tt0089371,ids; facts; subs_en
1985-phenomena,Phenomena,1985,Italy,Continental Europe,OUT,,,Q1474376,tt0087909,ids; facts; subs_en; subs_native; scares; stills
1985-re-animator,Re-Animator,1985,US,North America,MAD,REV,,Q1537343,tt0089885,ids; facts; scares; stills
1985-the-return-of-the-living-dead,The Return of the Living Dead,1985,US,North America,REV,CON,,Q1475119,tt0089907,ids; facts; subs_en; screenplay; scares
1986-aliens,Aliens,1986,US,North America,OUT,MOT,,Q104814,tt0090605,ids; facts; subs_en; screenplay; scares; stills
1986-from-beyond,From Beyond,1986,US,North America,BOO,BOD,,Q1469755,tt0091083,ids; facts; subs_en; stills
1986-the-fly,The Fly,1986,US,North America,BOD,MAD,,Q468700,tt0091064,ids; facts; subs_en; screenplay; scares; stills
1987-a-chinese-ghost-story,A Chinese Ghost Story,1987,Hong Kong,East Asia,WOM,,,Q300356,tt0093978,ids; facts
1987-angel-heart,Angel Heart,1987,US,North America,BAR,DOU,,Q493807,tt0092563,ids; facts; subs_en; stills
1987-evil-dead-ii,Evil Dead II,1987,US,North America,BOO,POS,,Q750028,tt0092991,ids; facts; subs_en; screenplay
1987-hellraiser,Hellraiser,1987,UK,UK & Ireland,OBJ,DES,,Q1162728,tt0093177,ids; facts; screenplay; scares
1987-near-dark,Near Dark,1987,US,North America,FEE,,,Q386164,tt0093605,ids; facts; screenplay; stills
1987-opera,Opera,1987,Italy,Continental Europe,RUL,,,Q2306760,tt0093677,ids; facts; subs_en; stills
1987-prince-of-darkness,Prince of Darkness,1987,US,North America,BOO,,,Q601013,tt0093777,ids; facts; screenplay; scares
1987-the-gate,The Gate,1987,Canada,North America,INV,CHI,,Q2735120,tt0093075,ids; facts
1987-the-lost-boys,The Lost Boys,1987,US,North America,FEE,,,Q506403,tt0093437,ids; facts; subs_en; screenplay; scares; stills
1988-beetlejuice,Beetlejuice,1988,US,North America,HOU,INV,,Q320384,tt0094721,ids; facts; subs_en; screenplay; stills
1988-child-s-play,Child's Play,1988,US,North America,OBJ,MAD,,Q935945,tt0094862,ids; facts; subs_en; screenplay; stills
1988-lady-terminator,Lady Terminator,1988,Indonesia,Southeast Asia,WOM,CUR,,Q12504347,tt0095483,ids; facts; subs_en; subs_native
1988-night-of-the-demons,Night of the Demons,1988,US,North America,INV,POS,,Q953091,tt0093624,ids; facts; subs_en; screenplay
1988-paperhouse,Paperhouse,1988,UK,UK & Ireland,DES,CHI,,Q905466,tt0098061,ids; facts; subs_en; scares
1988-pumpkinhead,Pumpkinhead,1988,US,North America,BAR,,,Q1168696,tt0095925,ids; facts; subs_en; scares
1988-the-serpent-and-the-rainbow,The Serpent and the Rainbow,1988,US,North America,REV,,,Q1216030,tt0096071,ids; facts; subs_en
1988-they-live,They Live,1988,US,North America,CAS,,,Q72909,tt0096256,ids; facts; subs_en; screenplay
1988-veerana,Veerana,1988,India,South Asia,WIT,,,Q7918167,tt0260494,ids; facts; subs_en
1989-pet-sematary,Pet Sematary,1989,US,North America,REV,,,Q908213,tt0098084,ids; facts; subs_en; scares
1989-santa-sangre,Santa Sangre,1989,Mexico,Latin America,MOT,DOU,,Q612035,tt0098253,ids; facts; subs_en; subs_native; stills
1989-society,Society,1989,US,North America,BOD,HOS,,Q664773,tt0098354,ids; facts; subs_en; scares; stills
1989-sweet-home,Sweet Home,1989,Japan,East Asia,HOU,WOM,,Q1509384,tt0141861,ids; facts; subs_en
1989-tetsuo-the-iron-man,Tetsuo: The Iron Man,1989,Japan,East Asia,BOD,,,Q185884,tt0096251,ids; facts; subs_en; stills
1990-jacob-s-ladder,Jacob's Ladder,1990,US,North America,DES,,,Q482626,tt0099871,ids; facts; subs_en; screenplay; stills
1990-misery,Misery,1990,US,North America,HOS,,,Q725552,tt0100157,ids; facts; subs_en; screenplay; scares; stills
1990-tremors,Tremors,1990,US,North America,OUT,,,Q835650,tt0100814,ids; facts; subs_en; screenplay; scares
1991-the-people-under-the-stairs,The People Under the Stairs,1991,US,North America,HOS,,,Q27338,tt0105121,ids; facts; subs_en; scares
1991-the-silence-of-the-lambs,The Silence of the Lambs,1991,US,North America,HUN,DES,,Q133654,tt0102926,ids; facts; subs_en; screenplay; stills
1992-braindead,Braindead,1992,New Zealand,Australia & NZ,REV,MOT,,Q897429,tt0103873,ids; facts; subs_en
1992-bram-stoker-s-dracula,Bram Stoker's Dracula,1992,US,North America,FEE,WOM,,Q107325,tt0103874,ids; facts; subs_en; screenplay; stills
1992-candyman,Candyman,1992,US,North America,INV,CUR,,Q1033108,tt0103919,ids; facts; subs_en; screenplay; scares; stills
1992-ghostwatch,Ghostwatch,1992,UK,UK & Ireland,HOU,INV,,Q12124503,tt0200659,ids; facts; subs_en; scares
1992-raat,Raat,1992,India,South Asia,POS,WOM,,Q7278432,tt0266875,ids; facts; subs_en
1993-cronos,Cronos,1993,Mexico,Latin America,FEE,OBJ,,Q1140945,tt0104029,ids; facts; subs_en; subs_native; stills
1993-manichitrathazhu,Manichitrathazhu,1993,India,South Asia,POS,WOM,,Q3530081,tt0214915,ids; facts; subs_en
1994-cemetery-man,Cemetery Man,1994,Italy,Continental Europe,REV,,,Q929886,tt0109592,ids; facts; subs_en; subs_native
1994-in-the-mouth-of-madness,In the Mouth of Madness,1994,US,North America,BOO,,,Q1214972,tt0113409,ids; facts; subs_en; scares; stills
1994-interview-with-the-vampire,Interview with the Vampire,1994,US,North America,FEE,,,Q318910,tt0110148,ids; facts; subs_en; screenplay; scares; stills
1994-wes-craven-s-new-nightmare,Wes Craven's New Nightmare,1994,US,North America,PAT,BOO,,Q636166,tt0111686,ids; facts; subs_en; screenplay
1995-the-day-of-the-beast,The Day of the Beast,1995,Spain,Continental Europe,BAR,,,Q1312929,tt0112922,ids; facts; subs_en; subs_native
1996-from-dusk-till-dawn,From Dusk till Dawn,1996,US,North America,FEE,HOS,,Q196004,tt0116367,ids; facts; subs_en; screenplay
1996-scream,Scream,1996,US,North America,PAT,,,Q27411,tt0117571,ids; facts; subs_en; screenplay; scares; stills
1996-the-craft,The Craft,1996,US,North America,WIT,BAR,,Q937005,tt0115963,ids; facts; subs_en; screenplay; scares; stills
1996-thesis,Thesis,1996,Spain,Continental Europe,RUL,,,Q1636502,tt0117883,ids; facts; subs_en; subs_native; scares
1997-cube,Cube,1997,Canada,North America,DES,RUL,,Q467840,tt0123755,ids; facts; subs_en; scares; stills
1997-cure,Cure,1997,Japan,East Asia,POS,,,Q1144476,tt0123948,ids; facts; subs_en
1997-event-horizon,Event Horizon,1997,UK,UK & Ireland,DES,BOO,,Q849162,tt0119081,ids; facts; subs_en; screenplay; scares; stills
1997-funny-games,Funny Games,1997,Austria,Continental Europe,INV,,,Q696928,tt0119167,ids; facts; subs_en; scares; stills
1997-perfect-blue,Perfect Blue,1997,Japan,East Asia,DOU,,,,,not started
1998-ringu,Ringu,1998,Japan,East Asia,WOM,OBJ,yes,Q531328,tt0178868,ids; facts; subs_en; scares; stills; story
1998-whispering-corridors,Whispering Corridors,1998,South Korea,East Asia,WOM,,,Q495741,tt0241073,ids; facts; subs_en; stills
1999-audition,Audition,1999,Japan,East Asia,INV,HOS,,Q565130,tt0235198,ids; facts; subs_en; scares; stills
1999-nang-nak,Nang Nak,1999,Thailand,Southeast Asia,WOM,,,Q3091253,tt0217680,ids; facts; subs_en; subs_native
1999-ravenous,Ravenous,1999,US,North America,HUN,,,Q2133691,tt0129332,ids; facts; subs_en; scares; stills
1999-sleepy-hollow,Sleepy Hollow,1999,US,North America,REV,WIT,,Q208592,tt0162661,ids; facts; subs_en; screenplay; scares; stills
1999-stir-of-echoes,Stir of Echoes,1999,US,North America,WOM,CAS,,Q975358,tt0164181,ids; facts; subs_en; screenplay; scares
1999-the-blair-witch-project,The Blair Witch Project,1999,US,North America,WIT,DES,,Q644554,tt0185937,ids; facts; subs_en
1999-the-ninth-gate,The Ninth Gate,1999,Spain,Continental Europe,BOO,BAR,,Q19405,tt0142688,ids; facts; subs_en; subs_native
1999-the-sixth-sense,The Sixth Sense,1999,US,North America,REV,CAS,,Q183063,tt0167404,ids; facts; subs_en; screenplay; scares; stills
2000-final-destination,Final Destination,2000,US,North America,RUL,,,Q7561043,tt0195714,ids; facts; subs_en; screenplay; scares
2000-ginger-snaps,Ginger Snaps,2000,Canada,North America,BEA,BOD,,Q1475136,tt0210070,ids; facts; subs_en; screenplay; stills
2000-uzumaki,Uzumaki,2000,Japan,East Asia,CUR,BOD,,Q1191176,tt0244870,ids; facts; subs_en; scares; stills
2001-frailty,Frailty,2001,US,North America,CAS,,,Q1269703,tt0264616,ids; facts; subs_en; screenplay
2001-jeepers-creepers,Jeepers Creepers,2001,US,North America,OUT,HUN,,Q673902,tt0263488,ids; facts; subs_en; scares
2001-pulse-kairo,Pulse (Kairo),2001,Japan,East Asia,CON,INV,,Q196184,tt0286751,ids; facts; subs_en
2001-session-9,Session 9,2001,US,North America,HOU,POS,,Q577221,tt0261983,ids; facts; subs_en; stills
2001-the-devil-s-backbone,The Devil's Backbone,2001,Spain,Continental Europe,HOU,CHI,,Q1350521,tt0256009,ids; facts; subs_en; subs_native; stills
2001-the-others,The Others,2001,Spain,Continental Europe,HOU,REV,,Q332515,tt0230600,ids; facts; subs_en; subs_native; screenplay; scares; stills
2002-28-days-later,28 Days Later,2002,UK,UK & Ireland,CON,,,Q221075,tt0289043,ids; facts; subs_en; screenplay; scares; stills
2002-dark-water,Dark Water,2002,Japan,East Asia,WOM,MOT,,Q1166240,tt0308379,ids; facts; subs_en
2002-dog-soldiers,Dog Soldiers,2002,UK,UK & Ireland,BEA,OUT,,Q1234664,tt0280609,ids; facts; subs_en; scares; stills
2002-ju-on-the-grudge,Ju-on: The Grudge,2002,Japan,East Asia,WOM,HOU,,,,not started
2002-may,May,2002,US,North America,MAD,,,Q648417,tt0303361,ids; facts; subs_en
2002-phone,Phone,2002,South Korea,East Asia,WOM,OBJ,,Q685838,tt0323630,ids; facts; subs_en
2002-the-eye,The Eye,2002,Hong Kong,East Asia,BOD,WOM,,Q675618,tt0325655,ids; facts; subs_en; scares
2002-the-ring,The Ring,2002,US,North America,WOM,OBJ,,Q212804,tt0298130,ids; facts; subs_en; screenplay; scares; stills
2003-a-tale-of-two-sisters,A Tale of Two Sisters,2003,South Korea,East Asia,MOT,DOU,,Q255260,tt0365376,ids; facts; subs_en; subs_native; scares; stills
2003-bhoot,Bhoot,2003,India,South Asia,POS,WOM,,Q2069934,tt0341266,ids; facts; subs_en
2003-high-tension,High Tension,2003,France,Continental Europe,DOU,,,Q587407,tt0338095,ids; facts; subs_en; scares
2003-house-of-1000-corpses,House of 1000 Corpses,2003,US,North America,HOS,,,Q691788,tt0251736,ids; facts; subs_en; scares; stills
2003-one-missed-call,One Missed Call,2003,Japan,East Asia,CUR,OBJ,,Q1532993,tt0366292,ids; facts; subs_en
2004-art-of-the-devil,Art of the Devil,2004,Thailand,Southeast Asia,WIT,,,Q705856,tt0444759,ids; facts; subs_en; subs_native
2004-calvaire,Calvaire,2004,Belgium,Continental Europe,HOS,,,Q2333043,tt0407621,ids; facts; subs_en; stills
2004-dawn-of-the-dead,Dawn of the Dead,2004,US,North America,REV,CON,,Q749011,tt0363547,ids; facts; subs_en; screenplay; scares
2004-dumplings,Dumplings,2004,Hong Kong,East Asia,HUN,BAR,,Q1265160,tt0472458,ids; facts; subs_en; stills
2004-feng-shui,Feng Shui,2004,Philippines,Southeast Asia,OBJ,,,Q5443396,tt0430082,ids; facts; subs_en
2004-marebito,Marebito,2004,Japan,East Asia,DES,FEE,,Q2697564,tt0434179,ids; facts; subs_en
2004-pontianak-harum-sundal-malam,Pontianak Harum Sundal Malam,2004,Malaysia,Southeast Asia,WOM,,yes,Q3472252,tt0371890,ids; facts; story
2004-r-point,R-Point,2004,South Korea,East Asia,DES,REV,,Q489554,tt0417072,ids; facts; subs_en
2004-saw,Saw,2004,US,North America,RUL,,,Q486239,tt0387564,ids; facts; subs_en; screenplay; scares; stills
2004-shaun-of-the-dead,Shaun of the Dead,2004,UK,UK & Ireland,REV,CON,,Q858724,tt0365748,ids; facts; subs_en; screenplay; scares; stills
2004-shutter,Shutter,2004,Thailand,Southeast Asia,WOM,,,Q1519981,tt0440803,ids; facts; subs_en; subs_native; scares
2004-the-village,The Village,2004,US,North America,RUL,OUT,,Q465227,tt0368447,ids; facts; subs_en; scares; stills
2005-hostel,Hostel,2005,US,North America,HOS,,,Q842720,tt0450278,ids; facts; subs_en; screenplay; scares
2005-noroi-the-curse,Noroi: The Curse,2005,Japan,East Asia,CUR,SAC,,Q2053980,tt0930083,ids; facts; subs_en; scares
2005-the-descent,The Descent,2005,UK,UK & Ireland,DES,OUT,,Q1367317,tt0435625,ids; facts; subs_en; screenplay; scares; stills
2005-the-exorcism-of-emily-rose,The Exorcism of Emily Rose,2005,US,North America,POS,CAS,,Q845204,tt0404032,ids; facts; subs_en; scares
2005-the-heirloom,The Heirloom,2005,Taiwan,East Asia,CUR,CHI,,Q3521236,tt0467506,ids; facts; subs_en
2005-wolf-creek,Wolf Creek,2005,Australia,Australia & NZ,HOS,,,Q1633106,tt0416315,ids; facts; subs_en
2006-dabbe,Dabbe,2006,Turkey,Middle East & North Africa,POS,CON,,,,not started
2006-km-31,KM 31,2006,Mexico,Latin America,WOM,,,,,not started
2006-kuntilanak,Kuntilanak,2006,Indonesia,Southeast Asia,WOM,,,Q6445089,tt0893534,ids; facts; subs_en; subs_native
2006-pan-s-labyrinth,Pan's Labyrinth,2006,Mexico,Latin America,DES,RUL,,Q216006,tt0457430,ids; facts; subs_en; subs_native; screenplay; stills
2006-silent-hill,Silent Hill,2006,US,North America,DES,WIT,,Q637842,tt0384537,ids; facts; subs_en; scares
2006-slither,Slither,2006,US,North America,CON,BOD,,Q2092936,tt0439815,ids; facts; subs_en; scares
2006-the-host,The Host,2006,South Korea,East Asia,OUT,MAD,,Q488222,tt0468492,ids; facts; subs_en; stills
2006-them-ils,Them (Ils),2006,France,Continental Europe,INV,,,Q1112469,tt0465203,ids; facts; subs_en; subs_native
2007-1408,1408,2007,US,North America,HOU,,,Q203560,tt0450385,ids; facts; subs_en; screenplay; scares
2007-30-days-of-night,30 Days of Night,2007,US,North America,FEE,OUT,,Q224117,tt0389722,ids; facts; subs_en; scares; stills
2007-bhool-bhulaiyaa,Bhool Bhulaiyaa,2007,India,South Asia,POS,DOU,,Q3764588,tt0995031,ids; facts; subs_en
2007-carved,Carved,2007,Japan,East Asia,WOM,PAT,,Q2940707,tt0891520,ids; facts; subs_en
2007-frontier-s,Frontier(s),2007,France,Continental Europe,HOS,,,Q689005,tt0814685,ids; facts; subs_en
2007-hansel-and-gretel,Hansel and Gretel,2007,South Korea,East Asia,CHI,HOS,,Q486340,tt1002567,ids; facts; subs_en
2007-inside,Inside,2007,France,Continental Europe,MOT,INV,,Q1664534,tt0856288,ids; facts; subs_en; subs_native; scares
2007-jangan-pandang-belakang,Jangan Pandang Belakang,2007,Malaysia,Southeast Asia,RUL,WOM,,Q6154010,tt1069259,ids; facts
2007-paranormal-activity,Paranormal Activity,2007,US,North America,INV,POS,,Q381028,tt1179904,ids; facts; subs_en; scares
2007-rec,REC,2007,Spain,Continental Europe,CON,POS,,Q754474,tt1038988,ids; facts; subs_en; subs_native; scares
2007-the-mist,The Mist,2007,US,North America,OUT,,,Q695209,tt0884328,ids; facts; subs_en; scares
2007-the-orphanage,The Orphanage,2007,Spain,Continental Europe,HOU,CHI,,Q923911,tt0464141,ids; facts; subs_en; subs_native; scares; stills
2007-trick-r-treat,Trick 'r Treat,2007,US,North America,PAT,RUL,,Q1686936,tt0862856,ids; facts; subs_en; screenplay; stills
2008-coming-soon,Coming Soon,2008,Thailand,Southeast Asia,RUL,WOM,,Q2454911,tt1307057,ids; facts; subs_en; subs_native; scares
2008-eden-lake,Eden Lake,2008,UK,UK & Ireland,CHI,HOS,,Q1283552,tt1020530,ids; facts; subs_en; scares; stills
2008-lake-mungo,Lake Mungo,2008,Australia,Australia & NZ,REV,DOU,,Q6477009,tt0816556,ids; facts; subs_en; scares
2008-let-the-right-one-in,Let the Right One In,2008,Sweden,Continental Europe,FEE,INV,,Q144756,tt1139797,ids; facts; subs_en; scares; stills
2008-martyrs,Martyrs,2008,France,Continental Europe,SAC,DES,,Q577581,tt1029234,ids; facts; subs_en; scares; stills
2008-pontypool,Pontypool,2008,Canada,North America,CON,,,Q1059028,tt1226681,ids; facts; subs_en; scares; stills
2008-the-strangers,The Strangers,2008,US,North America,INV,,,Q1259466,tt0482606,ids; facts; subs_en; scares
2009-13b,13B,2009,India,South Asia,OBJ,,,Q8050382,tt1385824,ids; facts; subs_en
2009-antichrist,Antichrist,2009,Denmark,Continental Europe,WIT,MOT,,Q574998,tt0870984,ids; facts; subs_en; stills
2009-coraline,Coraline,2009,US,North America,MOT,DES,,Q632668,tt0327597,ids; facts; subs_en; screenplay; stills
2009-dead-snow,Dead Snow,2009,Norway,Continental Europe,REV,CUR,,Q477299,tt1278340,ids; facts; subs_en; scares
2009-drag-me-to-hell,Drag Me to Hell,2009,US,North America,CUR,,,Q632737,tt1127180,ids; facts; subs_en; screenplay; scares; stills
2009-jennifer-s-body,Jennifer's Body,2009,US,North America,SAC,FEE,,Q861640,tt1131734,ids; facts; subs_en; screenplay; stills
2009-macabre,Macabre,2009,Indonesia,Southeast Asia,HOS,,,Q972562,tt1447791,ids; facts; subs_en
2009-orphan,Orphan,2009,US,North America,CHI,DOU,,Q387414,tt1148204,ids; facts; subs_en; screenplay; scares
2009-splice,Splice,2009,Canada,North America,MAD,MOT,,Q377043,tt1017460,ids; facts; subs_en; screenplay; stills
2009-the-house-of-the-devil,The House of the Devil,2009,US,North America,SAC,HOS,,Q1984765,tt1172994,ids; facts; subs_en; scares; stills
2009-the-loved-ones,The Loved Ones,2009,Australia,Australia & NZ,HOS,,,Q2296492,tt1316536,ids; facts; subs_en; scares; stills
2009-thirst,Thirst,2009,South Korea,East Asia,FEE,BAR,,Q483780,tt0762073,ids; facts; subs_en; subs_native
2009-triangle,Triangle,2009,UK,UK & Ireland,LOO,,,Q1783930,tt1187064,ids; facts; subs_en; scares
2010-black-swan,Black Swan,2010,US,North America,DOU,BOD,,Q180214,tt0947798,ids; facts; subs_en; screenplay; scares; stills
2010-hantu-kak-limah-balik-rumah,Hantu Kak Limah Balik Rumah,2010,Malaysia,Southeast Asia,REV,,,,,not started
2010-insidious,Insidious,2010,US,North America,DES,POS,,Q122713,tt1591095,ids; facts; subs_en; screenplay; scares
2010-rare-exports,Rare Exports,2010,Finland,Continental Europe,OUT,,,,,not started
2010-trollhunter,Trollhunter,2010,Norway,Continental Europe,OUT,,,Q633131,tt1740707,ids; facts; subs_en
2010-we-are-what-we-are,We Are What We Are,2010,Mexico,Latin America,HUN,HOS,,Q5680225,tt1620604,ids; facts; subs_en
2011-23-59,23:59,2011,Singapore,Southeast Asia,CUR,,,Q4631529,tt2100376,ids; facts; subs_en
2011-juan-of-the-dead,Juan of the Dead,2011,Cuba,Latin America,REV,,,Q1637826,tt1838571,ids; facts; subs_en
2011-kill-list,Kill List,2011,UK,UK & Ireland,SAC,,,Q3196607,tt1788391,ids; facts; subs_en; scares; stills
2011-seru,Seru,2011,Malaysia,Southeast Asia,POS,,,,,not started
2011-the-awakening,The Awakening,2011,UK,UK & Ireland,HOU,,,Q2474154,tt1687901,ids; facts; subs_en; scares
2011-the-cabin-in-the-woods,The Cabin in the Woods,2011,US,North America,SAC,BOO,,Q45394,tt1259521,ids; facts; subs_en
2011-the-innkeepers,The Innkeepers,2011,US,North America,HOU,,,Q4450019,tt1594562,ids; facts; subs_en; scares; stills
2011-you-re-next,You're Next,2011,US,North America,INV,,,Q3572721,tt1853739,ids; facts; subs_en; screenplay
2012-byzantium,Byzantium,2012,UK,UK & Ireland,FEE,MOT,,Q2081750,tt1531901,ids; facts; subs_en; stills
2012-corazon-the-first-aswang,Corazon: The First Aswang,2012,Philippines,Southeast Asia,FEE,,,,,not started
2012-here-comes-the-devil,Here Comes the Devil,2012,Mexico,Latin America,CHI,DOU,,Q2827739,tt2107648,ids; facts; subs_en; stills
2012-sinister,Sinister,2012,US,North America,OBJ,CHI,,Q761519,tt1922777,ids; facts; subs_en; screenplay; scares; stills
2012-the-woman-in-black,The Woman in Black,2012,UK,UK & Ireland,WOM,HOU,,Q841274,tt1596365,ids; facts; subs_en; scares; stills
2013-a-field-in-england,A Field in England,2013,UK,UK & Ireland,DES,,,Q2819736,tt2375574,ids; facts; subs_en; stills
2013-djinn,Djinn,2013,UAE,Middle East & North Africa,POS,,,Q4133045,tt1770672,ids; facts; subs_en
2013-evil-dead,Evil Dead,2013,US,North America,BOO,,,Q73279,tt1288558,ids; facts; subs_en; screenplay; scares; stills
2013-mama,Mama,2013,Canada,North America,MOT,WOM,,Q29446,tt2023587,ids; facts; subs_en; scares; stills
2013-oculus,Oculus,2013,US,North America,OBJ,CAS,,Q3349019,tt2388715,ids; facts; subs_en; screenplay; scares; stills
2013-pee-mak,Pee Mak,2013,Thailand,Southeast Asia,WOM,,,Q10858783,tt2776344,ids; facts; subs_en; subs_native
2013-rigor-mortis,Rigor Mortis,2013,Hong Kong,East Asia,FEE,REV,,Q11125292,tt2771800,ids; facts; subs_en; stills
2013-the-conjuring,The Conjuring,2013,US,North America,HOU,WIT,,Q5540479,tt1457767,ids; facts; subs_en; screenplay; scares; stills
2013-under-the-skin,Under the Skin,2013,UK,UK & Ireland,HUN,DOU,,Q4366287,tt1441395,ids; facts; subs_en; stills
2014-a-girl-walks-home-alone-at-night,A Girl Walks Home Alone at Night,2014,Iran,Middle East & North Africa,FEE,,,Q17061299,tt2326554,ids; facts; subs_en; stills
2014-goodnight-mommy,Goodnight Mommy,2014,Austria,Continental Europe,DOU,MOT,,Q18642934,tt3086442,ids; facts; subs_en; scares; stills
2014-housebound,Housebound,2014,New Zealand,Australia & NZ,HOU,,,Q17051533,tt3504048,ids; facts; subs_en; scares
2014-it-follows,It Follows,2014,US,North America,PAT,RUL,,Q16547881,tt3235888,ids; facts; subs_en; scares; stills
2014-siccin,Siccin,2014,Turkey,Middle East & North Africa,CUR,BAR,,,,not started
2014-the-babadook,The Babadook,2014,Australia,Australia & NZ,MOT,INV,,Q16011764,tt2321549,ids; facts; subs_en; screenplay; scares; stills
2014-the-canal,The Canal,2014,Ireland,UK & Ireland,HOU,,,Q16954002,tt2517658,ids; facts; subs_en; scares; stills
2014-the-taking-of-deborah-logan,The Taking of Deborah Logan,2014,US,North America,POS,,,Q18393844,tt3387648,ids; facts; subs_en; scares
2014-what-we-do-in-the-shadows,What We Do in the Shadows,2014,New Zealand,Australia & NZ,FEE,,,Q17036671,tt3416742,ids; facts; subs_en
2015-baskin,Baskin,2015,Turkey,Middle East & North Africa,DES,,,Q23978441,tt4935418,ids; facts; subs_en; scares; stills
2015-bone-tomahawk,Bone Tomahawk,2015,US,North America,HOS,HUN,,Q18198599,tt2494362,ids; facts; subs_en
2015-demon,Demon,2015,Poland,Continental Europe,POS,,,Q20856878,tt4935158,ids; facts; subs_en
2015-green-room,Green Room,2015,US,North America,HOS,,,Q18392433,tt4062536,ids; facts; subs_en; screenplay; scares; stills
2015-the-blackcoat-s-daughter,The Blackcoat's Daughter,2015,US,North America,POS,,,Q19427405,tt3286052,ids; facts; subs_en; stills
2015-the-hallow,The Hallow,2015,Ireland,UK & Ireland,CHI,,,Q19365765,tt2474976,ids; facts; subs_en; scares; stills
2015-the-invitation,The Invitation,2015,US,North America,INV,SAC,,Q19627585,tt2400463,ids; facts; subs_en; screenplay; scares; stills
2015-the-lure,The Lure,2015,Poland,Continental Europe,WOM,BEA,,Q21993425,tt5278832,ids; facts; subs_en; stills
2015-the-tag-along,The Tag-Along,2015,Taiwan,East Asia,CHI,WIT,,Q20062394,tt5078188,ids; facts; subs_en
2015-the-visit,The Visit,2015,US,North America,HOS,DOU,,Q18386312,tt3567288,ids; facts; subs_en
2015-the-witch,The Witch,2015,US,North America,WIT,BAR,,Q19057481,tt4263482,ids; facts; subs_en; screenplay; scares; stills
2016-don-t-breathe,Don't Breathe,2016,US,North America,RUL,HOS,,Q21450470,tt4160708,ids; facts; subs_en; stills
2016-hush,Hush,2016,US,North America,INV,,,Q23044927,tt5022702,ids; facts; subs_en; scares
2016-lights-out,Lights Out,2016,US,North America,MOT,RUL,,Q20649307,tt4786282,ids; facts; subs_en; screenplay; scares
2016-munafik,Munafik,2016,Malaysia,Southeast Asia,POS,,,Q23662307,tt5565896,ids; facts; subs_en; subs_native
2016-personal-shopper,Personal Shopper,2016,France,Continental Europe,WOM,,,Q23823461,tt4714782,ids; facts; subs_en; subs_native; scares; stills
2016-raw,Raw,2016,France,Continental Europe,HUN,BOD,,Q21427355,tt4954522,ids; facts; subs_en; subs_native; scares; stills
2016-seklusyon,Seklusyon,2016,Philippines,Southeast Asia,POS,,,Q27963268,tt6271180,ids; facts; subs_en
2016-the-autopsy-of-jane-doe,The Autopsy of Jane Doe,2016,US,North America,WIT,CUR,,Q27458304,tt3289956,ids; facts; subs_en; scares; stills
2016-the-eyes-of-my-mother,The Eyes of My Mother,2016,US,North America,HUN,MOT,,Q23647160,tt5225338,ids; facts; subs_en; stills
2016-the-girl-with-all-the-gifts,The Girl with All the Gifts,2016,UK,UK & Ireland,CHI,CON,,Q20649318,tt4547056,ids; facts; subs_en; scares; stills
2016-the-housemaid,The Housemaid,2016,Vietnam,Southeast Asia,WOM,HOU,,Q48672561,tt5860084,ids; facts; subs_en
2016-the-love-witch,The Love Witch,2016,US,North America,WIT,,,Q24496982,tt3908142,ids; facts; subs_en; stills
2016-the-untamed,The Untamed,2016,Mexico,Latin America,OUT,,,Q26792839,tt5265960,ids; facts; subs_en; stills
2016-the-void,The Void,2016,Canada,North America,DES,BOO,,Q29245784,tt4255304,ids; facts; subs_en; scares; stills
2016-the-wailing,The Wailing,2016,South Korea,East Asia,POS,CAS,,Q22972803,tt5215952,ids; facts; subs_en; subs_native; scares; stills
2016-train-to-busan,Train to Busan,2016,South Korea,East Asia,CON,,yes,Q20948236,tt5700672,ids; facts; subs_en; subs_native; scares; stills; story
2016-under-the-shadow,Under the Shadow,2016,Iran,Middle East & North Africa,POS,MOT,,Q23925023,tt4273292,ids; facts; subs_en; scares; stills
2017-errementari,Errementari,2017,Spain,Continental Europe,BAR,,,Q42396126,tt5592878,ids; facts; subs_en; subs_native
2017-ezra,Ezra,2017,India,South Asia,OBJ,POS,,Q27964325,tt5892746,ids; facts; subs_en
2017-get-out,Get Out,2017,US,North America,HOS,DOU,yes,Q25136235,tt5052448,ids; facts; subs_en; screenplay; scares; stills; story
2017-ghost-stories,Ghost Stories,2017,UK,UK & Ireland,CAS,,,Q47338010,tt5516328,ids; facts; subs_en; scares; stills
2017-good-manners,Good Manners,2017,Brazil,Latin America,BEA,MOT,,Q43303160,tt5480782,ids; facts; subs_en
2017-hagazussa,Hagazussa,2017,Austria,Continental Europe,WIT,,,Q53743373,tt7323600,ids; facts; subs_en; stills
2017-it,IT,2017,US,North America,PAT,OUT,,,,not started
2017-it-comes-at-night,It Comes at Night,2017,US,North America,CON,,,Q27703192,tt4695012,ids; facts; subs_en; scares; stills
2017-mother,Mother!,2017,US,North America,HOS,SAC,,Q25339558,tt5109784,ids; facts; subs_en; screenplay; scares; stills
2017-one-cut-of-the-dead,One Cut of the Dead,2017,Japan,East Asia,REV,,,Q55223237,tt7914416,ids; facts; subs_en
2017-pyewacket,Pyewacket,2017,Canada,North America,WIT,MOT,,Q27681083,tt5119116,ids; facts; subs_en
2017-satan-s-slaves,Satan's Slaves,2017,Indonesia,Southeast Asia,BAR,REV,,Q41850450,tt7076834,ids; facts; subs_en; subs_native; stills
2017-terrified,Terrified,2017,Argentina,Latin America,HOU,,,Q52557818,tt7549892,ids; facts; subs_en; stills
2017-the-killing-of-a-sacred-deer,The Killing of a Sacred Deer,2017,UK,UK & Ireland,SAC,CUR,,Q27492140,tt5715874,ids; facts; subs_en; screenplay; scares; stills
2017-the-ritual,The Ritual,2017,UK,UK & Ireland,SAC,OUT,,Q42837930,tt5638642,ids; facts; subs_en; scares; stills
2017-thelma,Thelma,2017,Norway,Continental Europe,WIT,BOD,,Q28233735,tt6304046,ids; facts; subs_en; stills
2017-tigers-are-not-afraid,Tigers Are Not Afraid,2017,Mexico,Latin America,CHI,REV,,Q65591632,tt4823434,ids; facts; subs_en; subs_native
2017-veronica,Veronica,2017,Spain,Continental Europe,INV,POS,,Q39073956,tt5862312,ids; facts; subs_en; subs_native; scares
2018-a-quiet-place,A Quiet Place,2018,US,North America,RUL,OUT,,Q39070473,tt6644200,ids; facts; subs_en; screenplay; scares; stills
2018-annihilation,Annihilation,2018,US,North America,BOD,DES,,Q25136228,tt2798920,ids; facts; subs_en; screenplay; scares; stills
2018-apostle,Apostle,2018,UK,UK & Ireland,SAC,,,Q29454857,tt6217306,ids; facts; subs_en; scares; stills
2018-border,Border,2018,Sweden,Continental Europe,BEA,,,Q53736577,tt5501104,ids; facts; subs_en; stills
2018-climax,Climax,2018,France,Continental Europe,CON,DES,,Q52000412,tt8359848,ids; facts; subs_en; subs_native
2018-dachra,Dachra,2018,Tunisia,Middle East & North Africa,WIT,HUN,,Q61177083,tt8987922,ids; facts; subs_en
2018-dukun,Dukun,2018,Malaysia,Southeast Asia,WIT,,,,,not started
2018-eerie,Eerie,2018,Philippines,Southeast Asia,WOM,,,Q66085184,tt8723216,ids; facts; subs_en
2018-gonjiam-haunted-asylum,Gonjiam: Haunted Asylum,2018,South Korea,East Asia,HOU,,,Q50791455,tt8119752,ids; facts; subs_en; subs_native
2018-hereditary,Hereditary,2018,US,North America,CUR,SAC,yes,Q47524071,tt7784604,ids; facts; subs_en; screenplay; scares; stills; story
2018-in-fabric,In Fabric,2018,UK,UK & Ireland,OBJ,,,Q56395606,tt7464188,ids; facts; subs_en; screenplay; stills
2018-mandy,Mandy,2018,US,North America,SAC,,,Q47486507,tt6998518,ids; facts; subs_en; screenplay; scares
2018-may-the-devil-take-you,May the Devil Take You,2018,Indonesia,Southeast Asia,BAR,,,Q56398739,tt8765496,ids; facts; subs_en; subs_native; stills
2018-pari,Pari,2018,India,South Asia,WIT,MOT,,Q39070768,tt7329858,ids; facts; subs_en
2018-possum,Possum,2018,UK,UK & Ireland,OBJ,CHI,,Q58815133,tt6081670,ids; facts; subs_en; scares; stills
2018-stree,Stree,2018,India,South Asia,WOM,,,Q56274037,tt8108202,ids; facts; subs_en
2018-suspiria,Suspiria,2018,Italy,Continental Europe,WIT,,,Q28123467,tt1034415,ids; facts; subs_en; subs_native; screenplay; scares
2018-the-nightshifter,The Nightshifter,2018,Brazil,Latin America,REV,,,,,not started
2018-the-wind,The Wind,2018,US,North America,WIT,CAS,,Q65130074,tt8426594,ids; facts; subs_en; stills
2018-the-wolf-house,The Wolf House,2018,Chile,Latin America,HOU,,,Q56307570,tt8173728,ids; facts; subs_en
2018-tokoloshe,Tokoloshe,2018,South Africa,Sub-Saharan Africa,INV,CHI,,,,not started
2018-tumbbad,Tumbbad,2018,India,South Asia,BAR,HUN,yes,Q56279881,tt8239946,ids; facts; subs_en; story
2019-atlantics,Atlantics,2019,Senegal,Sub-Saharan Africa,REV,POS,,Q63212985,tt10199586,ids; facts; subs_en; stills
2019-color-out-of-space,Color Out of Space,2019,US,North America,CON,BOD,,Q64576691,tt5073642,ids; facts; subs_en; scares
2019-detention,Detention,2019,Taiwan,East Asia,DES,CUR,,Q65060873,tt10805432,ids; facts; subs_en
2019-impetigore,Impetigore,2019,Indonesia,Southeast Asia,CUR,SAC,,Q65212218,tt9000302,ids; facts; subs_en; subs_native; scares; stills
2019-la-llorona,La Llorona,2019,Guatemala,Latin America,WOM,CUR,yes,Q66813625,tt10767168,ids; facts; subs_en; subs_native; stills; story
2019-midsommar,Midsommar,2019,US,North America,SAC,HOS,,Q55907451,tt8772262,ids; facts; subs_en; screenplay; scares
2019-ready-or-not,Ready or Not,2019,US,North America,SAC,HOS,,Q58815115,tt7798634,ids; facts; subs_en; screenplay; scares; stills
2019-roh,Roh,2019,Malaysia,Southeast Asia,INV,WIT,,Q87584794,tt10613002,ids; facts; subs_en; subs_native
2019-saint-maud,Saint Maud,2019,UK,UK & Ireland,POS,,,Q68681279,tt7557108,ids; facts; subs_en; stills
2019-svaha-the-sixth-finger,Svaha: The Sixth Finger,2019,South Korea,East Asia,CHI,DOU,,Q61100936,tt7299298,ids; facts; subs_en; subs_native
2019-the-hole-in-the-ground,The Hole in the Ground,2019,Ireland,UK & Ireland,CHI,DOU,,Q55215615,tt6198946,ids; facts; subs_en; scares; stills
2019-the-lighthouse,The Lighthouse,2019,US,North America,DES,DOU,,Q55402791,tt7984734,ids; facts; subs_en; screenplay; scares
2019-the-platform,The Platform,2019,Spain,Continental Europe,HUN,DES,,Q67628998,tt8228288,ids; facts; subs_en; subs_native
2019-us,Us,2019,US,North America,DOU,,,Q56000996,tt6857112,ids; facts; screenplay; scares; stills
2019-vivarium,Vivarium,2019,Ireland,UK & Ireland,CHI,HOS,,Q63352785,tt8368406,ids; facts; subs_en; stills
2020-bulbbul,Bulbbul,2020,India,South Asia,WOM,,,Q96631747,tt12393526,ids; facts; subs_en; subs_native
2020-gretel-hansel,Gretel & Hansel,2020,US,North America,WIT,HOS,,Q63994491,tt9086228,ids; facts; subs_en; scares; stills
2020-his-house,His House,2020,UK,UK & Ireland,INV,CUR,,Q83826818,tt8508734,ids; facts; subs_en; stills
2020-host,Host,2020,UK,UK & Ireland,INV,,,Q98114112,tt12749596,ids; facts; subs_en; scares
2020-kandisha,Kandisha,2020,France,Continental Europe,WOM,,,Q105081798,tt11058930,ids; facts; subs_en; stills
2020-possessor,Possessor,2020,Canada,North America,POS,DOU,,Q60849823,tt5918982,ids; facts; subs_en; stills
2020-relic,Relic,2020,Australia,Australia & NZ,HOU,,,Q87519760,tt9072352,ids; facts; subs_en; scares
2020-the-dark-and-the-wicked,The Dark and the Wicked,2020,US,North America,POS,,,Q98761957,tt10229558,ids; facts; subs_en; scares
2020-the-invisible-man,The Invisible Man,2020,US,North America,CAS,,,Q64004122,tt1051906,ids; facts; subs_en; scares
2020-the-night-house,The Night House,2020,US,North America,HOU,DOU,,Q77906196,tt9731534,ids; facts; subs_en; stills
2021-antlers,Antlers,2021,US,North America,HUN,,,Q60737524,tt7740510,ids; facts; subs_en; scares
2021-candyman,Candyman,2021,US,North America,INV,CUR,,Q64174907,tt9347730,ids; facts; subs_en; screenplay; scares
2021-censor,Censor,2021,UK,UK & Ireland,CAS,DOU,,Q104682813,tt10329614,ids; facts; subs_en; scares; stills
2021-gaia,Gaia,2021,South Africa,Sub-Saharan Africa,OUT,BOD,,Q106035634,tt11881160,ids; facts; subs_en
2021-good-madam,Good Madam,2021,South Africa,Sub-Saharan Africa,POS,HOU,,Q109237185,tt13622884,ids; facts; subs_en
2021-lamb,Lamb,2021,Iceland,Continental Europe,CHI,BEA,,Q106371709,tt9812474,ids; facts; subs_en; stills
2021-malignant,Malignant,2021,US,North America,DOU,,,Q68549841,tt3811906,ids; facts; subs_en; screenplay; scares; stills
2021-saloum,Saloum,2021,Senegal,Sub-Saharan Africa,OUT,,,Q108610237,tt10756184,ids; facts; subs_en
2021-the-black-phone,The Black Phone,2021,US,North America,PAT,REV,,Q105584511,tt7144666,ids; facts; stills
2021-the-innocents,The Innocents,2021,Norway,Continental Europe,CHI,,,Q107112059,tt4028464,ids; facts; subs_en
2021-the-medium,The Medium,2021,Thailand,Southeast Asia,POS,CUR,,Q107073403,tt13446168,ids; facts; subs_en; scares
2021-the-sadness,The Sadness,2021,Taiwan,East Asia,CON,,,Q105697891,tt13872248,ids; facts; subs_en
2021-titane,Titane,2021,France,Continental Europe,BOD,,,Q105393862,tt10944760,ids; facts; subs_en; subs_native; stills
2021-you-are-not-my-mother,You Are Not My Mother,2021,Ireland,UK & Ireland,MOT,CHI,,Q108803427,tt10406596,ids; facts; subs_en; stills
2022-barbarian,Barbarian,2022,US,North America,HOS,MOT,,Q38526439,tt15791034,ids; facts; subs_en; screenplay; stills
2022-bhoothakaalam,Bhoothakaalam,2022,India,South Asia,HOU,MOT,,Q110823773,tt15560626,ids; facts; subs_en
2022-bones-and-all,Bones and All,2022,US,North America,HUN,,,Q107027721,tt10168670,ids; facts; subs_en; screenplay; stills
2022-crimes-of-the-future,Crimes of the Future,2022,Canada,North America,BOD,,,Q107883998,tt14549466,ids; facts; subs_en; scares; stills
2022-enys-men,Enys Men,2022,UK,UK & Ireland,LOO,,,Q111655610,tt11698800,ids; facts; subs_en; stills
2022-fresh,Fresh,2022,US,North America,HUN,HOS,,Q105393880,tt13403046,ids; facts; subs_en; screenplay
2022-hatching,Hatching,2022,Finland,Continental Europe,MOT,DOU,,Q104902967,tt12519030,ids; facts; stills
2022-huesera,Huesera,2022,Mexico,Latin America,MOT,BOD,,Q112939380,tt11718516,ids; facts; subs_en
2022-incantation,Incantation,2022,Taiwan,East Asia,CUR,RUL,,Q112274158,tt18968540,ids; facts; subs_en
2022-kkn-di-desa-penari,KKN di Desa Penari,2022,Indonesia,Southeast Asia,RUL,WOM,,Q79385434,tt11013610,ids; facts; subs_en; subs_native
2022-m3gan,M3GAN,2022,US,North America,MAD,,,Q110661062,tt8760708,ids; facts; subs_en; stills
2022-men,Men,2022,UK,UK & Ireland,DOU,,,Q106514711,tt13841850,ids; facts; subs_en; stills
2022-nanny,Nanny,2022,US,North America,WOM,,,Q107389143,tt10931784,ids; facts; subs_en; screenplay; stills
2022-nope,Nope,2022,US,North America,RUL,OUT,,Q107176162,tt10954984,ids; facts; subs_en; screenplay; scares; stills
2022-qodrat,Qodrat,2022,Indonesia,Southeast Asia,POS,,,Q114892072,tt18436986,ids; facts; subs_en; subs_native
2022-skinamarink,Skinamarink,2022,Canada,North America,HOU,DES,,Q115818765,tt21307994,ids; facts; subs_en; scares; stills
2022-smile,Smile,2022,US,North America,CON,CUR,,Q112623225,tt15474916,ids; facts; subs_en; scares
2022-speak-no-evil,Speak No Evil,2022,Denmark,Continental Europe,HOS,,,Q110040047,tt14253846,ids; facts; subs_en; stills
2022-talk-to-me,Talk to Me,2022,Australia,Australia & NZ,INV,POS,,Q116193178,tt10638522,ids; facts; subs_en; scares; stills
2022-x,X,2022,US,North America,HOS,,,Q105605250,tt13560574,ids; facts; subs_en; scares
2023-cobweb,Cobweb,2023,US,North America,CHI,HOU,,Q104876047,tt9100018,ids; facts; subs_en
2023-evil-dead-rise,Evil Dead Rise,2023,US,North America,BOO,MOT,,Q107203508,tt13345606,ids; facts; stills
2023-godzilla-minus-one,Godzilla Minus One,2023,Japan,East Asia,OUT,,,Q115053037,tt23289160,ids; facts; stills
2023-late-night-with-the-devil,Late Night with the Devil,2023,Australia,Australia & NZ,BAR,POS,,Q119718080,tt14966898,ids; facts; subs_en; stills
2023-sewu-dino,Sewu Dino,2023,Indonesia,Southeast Asia,CUR,,,Q117804609,tt23136186,ids; facts; subs_en; subs_native
2023-starve-acre,Starve Acre,2023,UK,UK & Ireland,SAC,,,Q114870304,tt17521612,ids; facts; subs_en; stills
2023-tiger-stripes,Tiger Stripes,2023,Malaysia,Southeast Asia,BEA,BOD,,,,not started
2023-when-evil-lurks,When Evil Lurks,2023,Argentina,Latin America,POS,CON,,Q121367826,tt16300962,ids; facts; subs_en; stills
2024-bramayugam,Bramayugam,2024,India,South Asia,HOS,BAR,,Q121842080,tt27431598,ids; facts
2024-exhuma,Exhuma,2024,South Korea,East Asia,CUR,REV,,Q117322466,tt27802490,ids; facts
2024-heretic,Heretic,2024,US,North America,HOS,,,Q122933268,tt28015403,ids; facts
2024-i-saw-the-tv-glow,I Saw the TV Glow,2024,US,North America,DES,DOU,,Q113903713,tt15574270,ids; facts; screenplay; stills
2024-in-a-violent-nature,In a Violent Nature,2024,Canada,North America,PAT,,,Q124353841,tt30321146,ids; facts; stills
2024-longlegs,Longlegs,2024,US,North America,BAR,OBJ,,Q116470610,tt23468450,ids; facts
2024-nosferatu,Nosferatu,2024,US,North America,FEE,INV,,Q116361132,tt5040012,ids; facts; screenplay
2024-oddity,Oddity,2024,Ireland,UK & Ireland,OBJ,,,Q124852795,tt26470109,ids; facts; stills
2024-the-first-omen,The First Omen,2024,US,North America,CHI,BAR,,Q117842576,tt5672290,ids; facts; stills
2024-the-substance,The Substance,2024,France,Continental Europe,BOD,DOU,,Q113380226,tt17526714,ids; facts; screenplay; stills
2025-bring-her-back,Bring Her Back,2025,Australia,Australia & NZ,MOT,CHI,,Q127602379,tt32246771,ids; facts
2025-sinners,Sinners,2025,US,North America,FEE,INV,,Q125473145,tt31193180,ids; facts; screenplay; stills
2025-weapons,Weapons,2025,US,North America,WIT,CHI,,Q126487478,tt26581740,ids; facts
