id,label,type,avg_shot_length_s,brightness,country,duration_min,first_scare_min,imdb,jump_rating,jump_scares,region,saturation,script_interior_share,script_night_share,tmdb,wikidata,wikipedia_languages,year
1922-nosferatu,Nosferatu,film,15.1,0.2,Germany,94.0,,tt0013442,,,Continental Europe,0.596,,,653,Q151895,57,1922
Q55412,F. W. Murnau,person,,,,,,,,,,,,,,,,
Q97411,Henrik Galeen,person,,,,,,,,,,,,,,,,
Q89241,Günther Krampf,person,,,,,,,,,,,,,,,,
Q77757,Fritz Arno Wagner,person,,,,,,,,,,,,,,,,
Q99363,Hans Erdmann,person,,,,,,,,,,,,,,,,
Q183,Germany,country,,,,,,,,,,,,,,,,
Q540172,Prana Film,company,,,,,,,,,,,,,,,,
Q58822,Max Schreck,person,,,,,,,,,,,,,,,,
Q89376,Wolfgang Heinz,person,,,,,,,,,,,,,,,,
Q66097,Gustav von Wangenheim,person,,,,,,,,,,,,,,,,
Q76656,Greta Schröder,person,,,,,,,,,,,,,,,,
Q78817,Alexander Granach,person,,,,,,,,,,,,,,,,
Q95681,Georg H. Schnell,person,,,,,,,,,,,,,,,,
arch-the-one-who-feeds,The One Who Feeds,archetype,,,,,,,,,,,,,,,,
arch-the-contagion,The Contagion,archetype,,,,,,,,,,,,,,,,
arch-you-invited-it-in,You Invited It In,archetype,,,,,,,,,,,,,,,,
motif-the-vessel,the vessel,motif,,,,,,,,,,,,,,,,
motif-contagion,contagion,motif,,,,,,,,,,,,,,,,
motif-the-house-that-traps,the house that traps,motif,,,,,,,,,,,,,,,,
motif-the-woman-who-sacrifices-herself,the woman who sacrifices herself,motif,,,,,,,,,,,,,,,,
motif-forbidden-text,forbidden text,motif,,,,,,,,,,,,,,,,
motif-portrait-of-the-beloved,portrait of the beloved,motif,,,,,,,,,,,,,,,,
src-dracula-bram-stoker-1897,"Dracula (Bram Stoker, 1897)",source,,,,,,,,,,,,,,,,
src-eastern-european-vampire-folklore-strigoi-nosferatu,"Eastern European vampire folklore (strigoi, nosferatu)",source,,,,,,,,,,,,,,,,
1960-psycho,Psycho,film,,0.203,US,109.0,77.4,tt0054215,0.5,2,North America,0.0,0.44,0.38,539,Q163038,71,1960
Q7374,Alfred Hitchcock,person,,,,,,,,,,,,,,,,
Q326681,Joseph Stefano,person,,,,,,,,,,,,,,,,
Q355879,Robert Bloch,person,,,,,,,,,,,,,,,,
Q1573173,John L. Russell,person,,,,,,,,,,,,,,,,
Q296804,Bernard Herrmann,person,,,,,,,,,,,,,,,,
Q704752,George Tomasini,person,,,,,,,,,,,,,,,,
Q30,United States,country,,,,,,,,,,,,,,,,
Q1860,English,language,,,,,,,,,,,,,,,,
Q159846,Paramount Pictures,company,,,,,,,,,,,,,,,,
Q145627,John Gavin,person,,,,,,,,,,,,,,,,
Q312107,Martin Balsam,person,,,,,,,,,,,,,,,,
Q1277934,John McIntire,person,,,,,,,,,,,,,,,,
Q2287751,Simon Oakland,person,,,,,,,,,,,,,,,,
Q3555082,Vaughn Taylor,person,,,,,,,,,,,,,,,,
Q3082484,Frank Albertson,person,,,,,,,,,,,,,,,,
arch-the-devouring-mother,The Devouring Mother,archetype,,,,,,,,,,,,,,,,
arch-the-double,The Double,archetype,,,,,,,,,,,,,,,,
arch-the-bad-host,The Bad Host,archetype,,,,,,,,,,,,,,,,
motif-the-dead-or-dangerous-mother,the dead or dangerous mother,motif,,,,,,,,,,,,,,,,
motif-water-wells-and-drowning,"water, wells and drowning",motif,,,,,,,,,,,,,,,,
motif-the-preserved-dead,the preserved dead,motif,,,,,,,,,,,,,,,,
motif-greed-and-gold,greed and gold,motif,,,,,,,,,,,,,,,,
src-psycho-robert-bloch-1959,"Psycho (Robert Bloch, 1959)",source,,,,,,,,,,,,,,,,
src-ed-gein-case-wisconsin-1957,"Ed Gein case (Wisconsin, 1957)",source,,,,,,,,,,,,,,,,
1973-the-exorcist,The Exorcist,film,,0.21,US,122.0,11.0,tt0070047,1.5,11,North America,0.339,0.72,0.39,9552,Q274167,56,1973
Q51582,William Friedkin,person,,,,,,,,,,,,,,,,
Q540784,William Peter Blatty,person,,,,,,,,,,,,,,,,
Q767938,Owen Roizman,person,,,,,,,,,,,,,,,,
Q123745,Billy Williams,person,,,,,,,,,,,,,,,,
Q2927491,Bud S. Smith,person,,,,,,,,,,,,,,,,
Q1283819,Evan A. Lottman,person,,,,,,,,,,,,,,,,
Q126399,Warner Bros. Entertainment,company,,,,,,,,,,,,,,,,
Q65557474,Q65557474,company,,,,,,,,,,,,,,,,
Q211144,Ellen Burstyn,person,,,,,,,,,,,,,,,,
Q203215,Max von Sydow,person,,,,,,,,,,,,,,,,
Q348351,Lee J. Cobb,person,,,,,,,,,,,,,,,,
Q446486,Kitty Winn,person,,,,,,,,,,,,,,,,
Q1388853,Jack MacGowran,person,,,,,,,,,,,,,,,,
Q232280,Linda Blair,person,,,,,,,,,,,,,,,,
arch-the-voice-inside,The Voice Inside,archetype,,,,,,,,,,,,,,,,
motif-invitation-to-the-dead,invitation to the dead,motif,,,,,,,,,,,,,,,,
motif-ancient-idol-unearthed,ancient idol unearthed,motif,,,,,,,,,,,,,,,,
motif-the-child-s-voice-replaced,the child's voice replaced,motif,,,,,,,,,,,,,,,,
motif-the-stairs-the-fall,the stairs / the fall,motif,,,,,,,,,,,,,,,,
src-the-exorcist-william-peter-blatty-1971,"The Exorcist (William Peter Blatty, 1971)",source,,,,,,,,,,,,,,,,
src-exorcism-of-roland-doe-1949,Exorcism of Roland Doe (1949),source,,,,,,,,,,,,,,,,
src-pazuzu-assyrian-and-babylonian-demon,Pazuzu (Assyrian and Babylonian demon),source,,,,,,,,,,,,,,,,
1998-ringu,Ringu,film,,0.183,Japan,95.0,20.7,tt0178868,2.0,6,East Asia,0.296,,,2671,Q531328,33,1998
Q533492,Hideo Nakata,person,,,,,,,,,,,,,,,,
Q384863,Kōji Suzuki,person,,,,,,,,,,,,,,,,
Q11533172,Junichiro Hayashi,person,,,,,,,,,,,,,,,,
Q443712,Kenji Kawai,person,,,,,,,,,,,,,,,,
Q17,Japan,country,,,,,,,,,,,,,,,,
Q5287,Japanese,language,,,,,,,,,,,,,,,,
Q1054765,Kadokawa Shoten,company,,,,,,,,,,,,,,,,
Q253909,Nanako Matsushima,person,,,,,,,,,,,,,,,,
Q705522,Hiroyuki Sanada,person,,,,,,,,,,,,,,,,
Q1191674,Miki Nakatani,person,,,,,,,,,,,,,,,,
Q3543366,Rikiya Otaka,person,,,,,,,,,,,,,,,,
Q1142250,Yūko Takeuchi,person,,,,,,,,,,,,,,,,
Q3078856,Rie Inō,person,,,,,,,,,,,,,,,,
arch-the-woman-who-comes-back,The Woman Who Comes Back,archetype,,,,,,,,,,,,,,,,
arch-the-thing-you-took-home,The Thing You Took Home,archetype,,,,,,,,,,,,,,,,
arch-the-rule,The Rule,archetype,,,,,,,,,,,,,,,,
motif-the-woman-in-white-with-long-hair,the woman in white with long hair,motif,,,,,,,,,,,,,,,,
motif-cursed-media,cursed media,motif,,,,,,,,,,,,,,,,
src-ring-koji-suzuki-1991,"Ring (Koji Suzuki, 1991)",source,,,,,,,,,,,,,,,,
src-sadako-takahashi-early-20th-century-psychic,"Sadako Takahashi, early-20th-century psychic",source,,,,,,,,,,,,,,,,
src-okiku-banch-sarayashiki-1741,"Okiku, Banchō Sarayashiki (1741)",source,,,,,,,,,,,,,,,,
src-the-ring-2002-and-the-ring-virus-1999,The Ring (2002) and The Ring Virus (1999),source,,,,,,,,,,,,,,,,
2004-pontianak-harum-sundal-malam,Pontianak Harum Sundal Malam,film,,,Malaysia,115.0,,tt0371890,,,Southeast Asia,,,,245090,Q3472252,4,2004
Q7504691,Shuhaimi Baba,person,,,,,,,,,,,,,,,,
Q833,Malaysia,country,,,,,,,,,,,,,,,,
Q15065,Standard Malay,language,,,,,,,,,,,,,,,,
Q5651915,Maya Karin,person,,,,,,,,,,,,,,,,
Q4832909,Azri Iskandar,person,,,,,,,,,,,,,,,,
arch-the-inherited-curse,The Inherited Curse,archetype,,,,,,,,,,,,,,,,
motif-pregnancy-and-birth,pregnancy and birth,motif,,,,,,,,,,,,,,,,
motif-the-woman-who-returns,the woman who returns,motif,,,,,,,,,,,,,,,,
motif-scent-of-the-tuberose-sundal-malam,scent of the tuberose (sundal malam),motif,,,,,,,,,,,,,,,,
motif-two-eras-one-face,"two eras, one face",motif,,,,,,,,,,,,,,,,
motif-the-performer-gamelan-prima-donna,the performer (gamelan prima donna),motif,,,,,,,,,,,,,,,,
motif-rivalry-between-suitors,rivalry between suitors,motif,,,,,,,,,,,,,,,,
src-pontianak-kuntilanak-malay-and-indonesian-folklore,Pontianak / Kuntilanak (Malay and Indonesian folklore),source,,,,,,,,,,,,,,,,
src-sadako-ringu,Sadako (Ringu),source,,,,,,,,,,,,,,,,
2016-train-to-busan,Train to Busan,film,,0.311,South Korea,118.0,2.4,tt5700672,1.0,4,East Asia,0.321,,,396535,Q20948236,52,2016
Q19947205,Yeon Sang-ho,person,,,,,,,,,,,,,,,,
Q82237483,Yang Jin-mo,person,,,,,,,,,,,,,,,,
Q884,South Korea,country,,,,,,,,,,,,,,,,
Q9176,Korean,language,,,,,,,,,,,,,,,,
Q131190323,Next Entertainment World,company,,,,,,,,,,,,,,,,
Q623436,Gong Yoo,person,,,,,,,,,,,,,,,,
Q20444998,Kim Su-an,person,,,,,,,,,,,,,,,,
Q486077,Jung Yu-mi,person,,,,,,,,,,,,,,,,
Q498374,Ma Dong-seok,person,,,,,,,,,,,,,,,,
Q492701,Choi Woo-shik,person,,,,,,,,,,,,,,,,
Q483633,Sohee,person,,,,,,,,,,,,,,,,
arch-the-dead-won-t-stay-dead,The Dead Won't Stay Dead,archetype,,,,,,,,,,,,,,,,
motif-the-dead-rise,the dead rise,motif,,,,,,,,,,,,,,,,
motif-the-deer-on-the-road,the deer on the road,motif,,,,,,,,,,,,,,,,
motif-the-selfish-father-redeemed,the selfish father redeemed,motif,,,,,,,,,,,,,,,,
src-peninsula-2020,Peninsula (2020),source,,,,,,,,,,,,,,,,
src-seoul-station-2016,Seoul Station (2016),source,,,,,,,,,,,,,,,,
2017-get-out,Get Out,film,,0.204,US,104.0,10.3,tt5052448,2.5,10,North America,0.416,0.65,0.31,419430,Q25136235,51,2017
Q3371986,Jordan Peele,person,,,,,,,,,,,,,,,,
Q61969115,Toby Oliver,person,,,,,,,,,,,,,,,,
Q2413003,Michael Abels,person,,,,,,,,,,,,,,,,
Q17742192,Gregory Plotkin,person,,,,,,,,,,,,,,,,
Q16984664,Blumhouse Productions,company,,,,,,,,,,,,,,,,
Q510970,Daniel Kaluuya,person,,,,,,,,,,,,,,,,
Q4455554,Allison Williams,person,,,,,,,,,,,,,,,,
Q230378,Catherine Keener,person,,,,,,,,,,,,,,,,
Q352180,Bradley Whitford,person,,,,,,,,,,,,,,,,
Q920607,Caleb Landry Jones,person,,,,,,,,,,,,,,,,
Q28812610,Betty Gabriel,person,,,,,,,,,,,,,,,,
arch-nobody-believes-her,Nobody Believes Her,archetype,,,,,,,,,,,,,,,,
motif-teacup-and-spoon-hypnosis,teacup and spoon (hypnosis),motif,,,,,,,,,,,,,,,,
motif-the-sunken-place,the sunken place,motif,,,,,,,,,,,,,,,,
motif-the-auction,the auction,motif,,,,,,,,,,,,,,,,
2018-hereditary,Hereditary,film,,0.205,US,127.0,14.5,tt7784604,2.0,8,North America,0.343,0.83,0.44,493922,Q47524071,35,2018
Q54864392,Q54864392,person,,,,,,,,,,,,,,,,
Q55063679,Paweł Pogorzelski,person,,,,,,,,,,,,,,,,
Q2982657,Colin Stetson,person,,,,,,,,,,,,,,,,
Q64541563,Jennifer Lame,person,,,,,,,,,,,,,,,,
Q60229347,Veronica J. Valentini,person,,,,,,,,,,,,,,,,
Q24913707,PalmStar Media,company,,,,,,,,,,,,,,,,
Q16248298,A24,company,,,,,,,,,,,,,,,,
Q229291,Toni Collette,person,,,,,,,,,,,,,,,,
Q296616,Gabriel Byrne,person,,,,,,,,,,,,,,,,
Q940891,Alex Wolff,person,,,,,,,,,,,,,,,,
Q2558129,Ann Dowd,person,,,,,,,,,,,,,,,,
Q19661737,Milly Shapiro,person,,,,,,,,,,,,,,,,
arch-the-village-needs-blood,The Village Needs Blood,archetype,,,,,,,,,,,,,,,,
motif-dolls-and-miniatures,dolls and miniatures,motif,,,,,,,,,,,,,,,,
motif-the-head,the head,motif,,,,,,,,,,,,,,,,
motif-the-coven,the coven,motif,,,,,,,,,,,,,,,,
motif-demon-wants-a-male-host,demon wants a male host,motif,,,,,,,,,,,,,,,,
src-paimon-ars-goetia-the-lesser-key-of-solomon,Paimon (Ars Goetia / The Lesser Key of Solomon),source,,,,,,,,,,,,,,,,
2018-tumbbad,Tumbbad,film,,,India,104.0,,tt8239946,,,South Asia,,,,538858,Q56279881,15,2018
Q55430496,Rahi Anil Barve,person,,,,,,,,,,,,,,,,
Q4751248,Anand Gandhi,person,,,,,,,,,,,,,,,,
Q85792048,Pankaj Kumar,person,,,,,,,,,,,,,,,,
Q316449,Jesper Kyd,person,,,,,,,,,,,,,,,,
Q4699622,Ajay-Atul,person,,,,,,,,,,,,,,,,
Q69463422,Sanyukta Kaza,person,,,,,,,,,,,,,,,,
Q668,India,country,,,,,,,,,,,,,,,,
Q34,Sweden,country,,,,,,,,,,,,,,,,
Q1568,Hindi,language,,,,,,,,,,,,,,,,
Q28154447,Colour Yellow Productions,company,,,,,,,,,,,,,,,,
Q2748604,Film i Väst,company,,,,,,,,,,,,,,,,
Q141148212,Sohum Shah Films,company,,,,,,,,,,,,,,,,
Q60733947,Sohum Shah,person,,,,,,,,,,,,,,,,
Q104585037,Anita Date Kelkar,person,,,,,,,,,,,,,,,,
Q60649425,Ronjini Chakraborty,person,,,,,,,,,,,,,,,,
Q60194461,Mohammad Samad,person,,,,,,,,,,,,,,,,
Q63346821,Harish Khanna,person,,,,,,,,,,,,,,,,
Q123780978,Rudra Soni,person,,,,,,,,,,,,,,,,
arch-the-bargain,The Bargain,archetype,,,,,,,,,,,,,,,,
arch-the-hunger,The Hunger,archetype,,,,,,,,,,,,,,,,
motif-endless-rain-on-a-cursed-village,endless rain on a cursed village,motif,,,,,,,,,,,,,,,,
motif-father-teaches-son-the-trade,father teaches son the trade,motif,,,,,,,,,,,,,,,,
src-aaji-narayan-dharap-after-stephen-king-s-gramma,"'Aaji' (Narayan Dharap), after Stephen King's 'Gramma'",source,,,,,,,,,,,,,,,,
src-bali-narayan-dharap,'Bali' (Narayan Dharap),source,,,,,,,,,,,,,,,,
src-hastur-cthulhu-mythos-via-dharap,"Hastur (Cthulhu Mythos, via Dharap)",source,,,,,,,,,,,,,,,,
src-vikram-and-betaal-panchatantra,Vikram and Betaal; Panchatantra,source,,,,,,,,,,,,,,,,
2019-la-llorona,La Llorona,film,,0.194,Guatemala,97.0,,tt10767168,,,Latin America,0.326,,,617708,Q66813625,13,2019
Q19199110,Jayro Bustamante,person,,,,,,,,,,,,,,,,
Q6065489,Pascual Reyes,person,,,,,,,,,,,,,,,,
Q774,Guatemala,country,,,,,,,,,,,,,,,,
Q142,France,country,,,,,,,,,,,,,,,,
Q1321,Spanish,language,,,,,,,,,,,,,,,,
Q21162771,María Mercedes Coroy,person,,,,,,,,,,,,,,,,
Q62132455,Juan Pablo Olyslager Muñoz,person,,,,,,,,,,,,,,,,
Q21162710,María Telón,person,,,,,,,,,,,,,,,,
Q16728552,Julio Diaz,person,,,,,,,,,,,,,,,,
arch-the-house-remembers,The House Remembers,archetype,,,,,,,,,,,,,,,,
motif-weeping-woman,weeping woman,motif,,,,,,,,,,,,,,,,
motif-the-servant-who-knows,the servant who knows,motif,,,,,,,,,,,,,,,,
motif-history-s-crime-returns,history's crime returns,motif,,,,,,,,,,,,,,,,
src-la-llorona-mexican-and-latin-american-folklore,La Llorona (Mexican and Latin American folklore),source,,,,,,,,,,,,,,,,
src-efra-n-r-os-montt-and-the-guatemalan-genocide,Efraín Ríos Montt and the Guatemalan genocide,source,,,,,,,,,,,,,,,,
