film,old_primary,old_secondary,new_primary,new_secondary,reason,date,status
1925-the-phantom-of-the-opera,HOU,OUT,OUT,HOU,The Phantom is a figure stalking the opera house; the building holds no past wrong of its own.,2026-10-03,"first pass, unreviewed"
1977-the-sentinel,HOU,DES,DES,HOU,The house is a gateway to hell; the descent is the story.,2026-10-03,"first pass, unreviewed"
1988-beetlejuice,HOU,INV,INV,HOU,The plot turns on saying the name three times: summoning.,2026-10-03,"first pass, unreviewed"
1992-ghostwatch,HOU,INV,INV,HOU,The live broadcast acts as a séance that lets Pipes into every home.,2026-10-03,"first pass, unreviewed"
2001-session-9,HOU,POS,POS,HOU,The horror is the voice in Gordon's head (Simon); the asylum is the setting.,2026-10-03,"first pass, unreviewed"
2013-the-conjuring,HOU,WIT,WIT,HOU,The force in the house is the witch Bathsheba.,2026-10-03,"first pass, unreviewed"
1979-salem-s-lot,FEE,INV,INV,FEE,Built on the vampire needing to be invited in.,2026-10-03,"first pass, unreviewed"
1985-fright-night,FEE,INV,INV,FEE,The vampire next door is invited in; the invitation rule drives the plot.,2026-10-03,"first pass, unreviewed"
1985-lifeforce,FEE,CON,CON,FEE,Space vampires turn London into an epidemic.,2026-10-03,"first pass, unreviewed"
1993-cronos,FEE,OBJ,OBJ,FEE,An antique dealer finds the device and it changes him.,2026-10-03,"first pass, unreviewed"
2025-sinners,FEE,INV,INV,FEE,The siege turns on who is let into the juke joint.,2026-10-03,"first pass, unreviewed"
1968-kuroneko,WOM,BEA,BEA,WOM,The women return as cat spirits; the beast form carries the film.,2026-10-03,"first pass, unreviewed"
1999-stir-of-echoes,WOM,CAS,CAS,WOM,Tom sees the dead girl and no one believes him.,2026-10-03,"first pass, unreviewed"
2002-ju-on-the-grudge,WOM,HOU,CUR,HOU,Ju-on means curse: anyone who enters the house inherits it.,2026-10-03,"first pass, unreviewed"
2002-phone,WOM,OBJ,OBJ,WOM,The cursed phone number is the vehicle.,2026-10-03,"first pass, unreviewed"
1955-les-diaboliques,REV,CAS,CAS,REV,The husband's 'return' is staged; the story is a woman doubted.,2026-10-03,"first pass, unreviewed"
1980-the-fog,REV,CUR,CUR,REV,A wrong done 100 years ago returns to the town.,2026-10-03,"first pass, unreviewed"
1999-the-sixth-sense,REV,CAS,CAS,REV,Cole sees the dead and isn't believed.,2026-10-03,"first pass, unreviewed"
2008-lake-mungo,REV,DOU,DOU,REV,"Alice sees her own double; grief, not reanimation.",2026-10-03,"first pass, unreviewed"
1945-dead-of-night,OBJ,DOU,LOO,DOU,The frame story ends where it began: the architect wakes into the same day.,2026-10-03,"first pass, unreviewed"
2019-vivarium,CHI,HOS,CHI,LOO,"The couple are trapped in an identical suburb, and the cycle repeats.",2026-10-03,"first pass, unreviewed"
2025-obsession,,,BAR,POS,"Added to the corpus: a wish bought from a novelty toy grants love and collects a life (the bargain); Nikki acts under a will not her own (the voice inside).",2026-10-06,"first pass, unreviewed"
