value	kind	fear
moving into a new home	moving into a house	making a new home
a journey	a journey	travelling somewhere remote
an invitation	accepting an invitation	saying yes to an offer
taking an object	taking an object	bringing something home
returning home	returning home	going back home
warning ignored	ignoring a warning	breaking a rule
watching something	watching or hearing cursed media	seeing or hearing too much
abduction	someone is taken	someone goes missing
breaking a rule	breaking a taboo	breaking a rule
car accident	a road accident	a sudden accident or attack
falling in love	falling in love	love and desire
watching a cursed object	watching or hearing cursed media	seeing or hearing too much
anniversary	an anniversary or festival	a special occasion
car breaks down	vehicle breaks down	cut off and trapped
death of a parent	death of a parent	losing family
playing a recording	watching or hearing cursed media	seeing or hearing too much
returning to ancestral home	returning to one's roots	going back home
returning to childhood home	returning to one's roots	going back home
scientific experiment	a scientific experiment	playing god
sexual encounter	sex and seduction	love and desire
taking a job	taking a job	saying yes to an offer
taking in a stranger	taking in a stranger	an outsider reaches in
witnessing a murder	witnessing violence	seeing or hearing too much
a disappearance	someone vanishes	someone goes missing
a seance	holding a seance	calling on unseen powers
a stranger arrives	a stranger comes to town	an outsider reaches in
a séance	holding a seance	calling on unseen powers
accident	a road accident	a sudden accident or attack
break-in	an intruder breaks in	an outsider reaches in
child goes missing	someone vanishes	someone goes missing
creating life	a scientific experiment	playing god
death of a child	death of a child	losing family
death of a mother	death of a parent	losing family
death of parents	death of a parent	losing family
digging up the past	a secret comes out	a secret surfaces
discovering a body	finding or handling a body	unsealing what was shut away
disturbing a grave	disturbing a grave	unsealing what was shut away
entering a forbidden place	trespassing	breaking a rule
entering a stranger's house	trespassing	breaking a rule
finding a hidden object	finding a hidden object	bringing something home
first period	first period and growing up	the body changing
fleeing the city	fleeing danger or punishment	running from trouble
getting lost	getting lost	cut off and trapped
grief	grief for a loved one	losing family
homecoming	returning home	going back home
ignoring a warning	ignoring a warning	breaking a rule
investigating a cult	chasing a legend or cult	digging into a mystery
investigating a legend	chasing a legend or cult	digging into a mystery
killing an animal	a killing	a sudden accident or attack
moving to a new city	moving to a new place	making a new home
moving to a new town	moving to a new place	making a new home
picking up a hitchhiker	taking in a stranger	an outsider reaches in
pregnancy	pregnancy and birth	the body changing
reading an incantation	reading forbidden words	calling on unseen powers
receiving a gift	receiving or buying an object	bringing something home
rejection	romantic rejection	being spurned or shamed
stranger arrives in village	a stranger comes to town	an outsider reaches in
trespassing	trespassing	breaking a rule
unexplained	unclear	unclear
waking from a coma	an injury and its aftermath	a sudden accident or attack
witnessing a suicide	witnessing violence	seeing or hearing too much
a birth	pregnancy and birth	the body changing
a bite from a stranger	a bite	a sudden accident or attack
a book tour	a trip to an event	travelling somewhere remote
a car accident	a road accident	a sudden accident or attack
a confession	a secret comes out	a secret surfaces
a date	falling in love	love and desire
a deal with a witch	making a pact or wish	calling on unseen powers
a discovery	finding a hidden object	bringing something home
a documentary crew	filming for an audience	digging into a mystery
a friend returns	a loved one comes back	going back home
a funeral	a wedding or funeral	a special occasion
a hike in the mountains	a trip into nature	travelling somewhere remote
a journey for profit	a journey	travelling somewhere remote
a journey into nature	a trip into nature	travelling somewhere remote
a journey into the wild	a trip into nature	travelling somewhere remote
a knock at the door	a knock at the door	an outsider reaches in
a man returns	a loved one comes back	going back home
a mission	sent on a mission	travelling somewhere remote
a murder staged as suicide	a killing	a sudden accident or attack
a new member joins	new neighbours arrive	an outsider reaches in
a new servant arrives	new neighbours arrive	an outsider reaches in
a newcomer buys the house	moving into a house	making a new home
a pact	making a pact or wish	calling on unseen powers
a party	a party	a special occasion
a prank	humiliation and cruel pranks	being spurned or shamed
a prayer for company	summoning a spirit	calling on unseen powers
a rejected lover	romantic rejection	being spurned or shamed
a stranger at the door	a knock at the door	an outsider reaches in
a student's death	death of a child	losing family
a summoning ritual	summoning a spirit	calling on unseen powers
a trap	waking up confined	cut off and trapped
a vision	visions and premonitions	strange signs and visions
a wish	making a pact or wish	calling on unseen powers
abandoned boat arrives	something arrives from outside	disaster strikes
abandoned by parent	a family breaking apart	losing family
accepting help from a stranger	taking in a stranger	an outsider reaches in
accident on the road	a road accident	a sudden accident or attack
accident strands travellers	stranded with no way back	cut off and trapped
adoption	a new parent or child	losing family
ambition	chasing money or fame	need and greed
an accident	a road accident	a sudden accident or attack
an interview	taking a job	saying yes to an offer
an invitation declined	refusing a request	being spurned or shamed
an invited guest	taking in a stranger	an outsider reaches in
an object sent as a gift	receiving or buying an object	bringing something home
an ordinary broadcast	watching or hearing cursed media	seeing or hearing too much
an unexplained death	a sudden unexplained death	losing family
animal bite	a bite	a sudden accident or attack
anniversary of a death	an anniversary or festival	a special occasion
annual festival	an anniversary or festival	a special occasion
answering a call for help	a call or message	an outsider reaches in
answering a phone call	a call or message	an outsider reaches in
answering a signal	a call or message	an outsider reaches in
arrest and torture	capture and abuse	a sudden accident or attack
arrival in a foreign land	moving to a new place	making a new home
arrival of a lookalike	someone not who they seem	an outsider reaches in
arrival of a stranger	a stranger comes to town	an outsider reaches in
arrival of an outsider	a stranger comes to town	an outsider reaches in
arriving at a holiday home	staying somewhere isolated	travelling somewhere remote
arriving at a new school	joining a school or institution	making a new home
arriving at a relative's home	visiting family	going back home
arriving at an orphanage	joining a school or institution	making a new home
arriving at boarding school	joining a school or institution	making a new home
arriving in a village	a stranger comes to town	an outsider reaches in
asking a prophecy	seeking a prophecy	calling on unseen powers
asking for shelter	seeking shelter	cut off and trapped
assignment to investigate	investigating a crime or disappearance	digging into a mystery
attack by a stranger	a physical attack	a sudden accident or attack
attack in a mine	a physical attack	a sudden accident or attack
attempt to leave town	trying to leave	running from trouble
base overrun	a physical attack	a sudden accident or attack
battlefield wound	an injury and its aftermath	a sudden accident or attack
becoming a parent	pregnancy and birth	the body changing
being left alone	left alone or isolated	cut off and trapped
betrayal by a friend	betrayal	being spurned or shamed
bitten while rescuing	a bite	a sudden accident or attack
blood spilled	spilling blood	a sudden accident or attack
blood spilled on corpse	spilling blood	a sudden accident or attack
boarding a lost ship	entering an abandoned place	breaking a rule
boarding an empty ship	entering an abandoned place	breaking a rule
body discovered	finding or handling a body	unsealing what was shut away
breakdown in the forest	vehicle breaks down	cut off and trapped
breakdown of communication	left alone or isolated	cut off and trapped
breaking a sacred object	handling a cursed object	bringing something home
breaking quarantine	breaking a taboo	breaking a rule
breaking the time limit	breaking a taboo	breaking a rule
breakup	romantic rejection	being spurned or shamed
bringing a plant home	taking an object	bringing something home
bringing a stranger in	taking in a stranger	an outsider reaches in
bringing a stranger into the family	taking in a stranger	an outsider reaches in
bringing an object home	taking an object	bringing something home
bringing back remains	taking an object	bringing something home
bringing something back	taking an object	bringing something home
broadcasting the haunting	filming for an audience	digging into a mystery
buying an object	receiving or buying an object	bringing something home
buying drugs	taking a drug	playing god
cabin in the woods	staying somewhere isolated	travelling somewhere remote
capture by a corporation	capture and abuse	a sudden accident or attack
car crash	a road accident	a sudden accident or attack
career change	taking a job	saying yes to an offer
careless handling	handling a cursed object	bringing something home
catching a corpse	finding or handling a body	unsealing what was shut away
chasing fame and money	chasing money or fame	need and greed
chasing views	chasing money or fame	need and greed
child expelled from school	a family breaking apart	losing family
child hears a voice	contact from the dead	strange signs and visions
child lured by a toy	someone is taken	someone goes missing
child runs into forest	getting lost	cut off and trapped
child sees dead	contact from the dead	strange signs and visions
child vanishes	someone vanishes	someone goes missing
child wanders too far	getting lost	cut off and trapped
child's nightmares	nightmares	strange signs and visions
children found and taken home	taking in a stranger	an outsider reaches in
claiming space	moving into a house	making a new home
coming of age	first period and growing up	the body changing
completing a group	joining a group	saying yes to an offer
confinement at home	waking up confined	cut off and trapped
confronting locals	provoking the threat	breaking a rule
conjuring	summoning a spirit	calling on unseen powers
connecting to the internet	watching or hearing cursed media	seeing or hearing too much
contact through television	watching or hearing cursed media	seeing or hearing too much
contact with a stranger	meeting a stranger	an outsider reaches in
contacting the dead	holding a seance	calling on unseen powers
courting a stranger	falling in love	love and desire
crash into water	a road accident	a sudden accident or attack
creature attack	a physical attack	a sudden accident or attack
crossing a boundary	trespassing	breaking a rule
crossing a forbidden boundary	trespassing	breaking a rule
cruel prank	humiliation and cruel pranks	being spurned or shamed
curiosity about violence	witnessing violence	seeing or hearing too much
custody battle	a family breaking apart	losing family
death of a grandparent	death of a parent	losing family
death of a guardian	death of a parent	losing family
death of a pet	grief for a loved one	losing family
death of the father	death of a parent	losing family
decoding a prophecy	seeking a prophecy	calling on unseen powers
deliberately confronting it	provoking the threat	breaking a rule
denying a request	refusing a request	being spurned or shamed
deserting duty	fleeing danger or punishment	running from trouble
desire	jealousy and obsession	love and desire
desire to escape poverty	poverty and want	need and greed
digging up a grave	disturbing a grave	unsealing what was shut away
digging up remains	disturbing a grave	unsealing what was shut away
disappearance	someone vanishes	someone goes missing
discovering betrayal	betrayal	being spurned or shamed
disposing of a body	finding or handling a body	unsealing what was shut away
distress signal	a call or message	an outsider reaches in
disturbing a resting place	disturbing a grave	unsealing what was shut away
disturbing a tomb	disturbing a grave	unsealing what was shut away
documentary filming	filming for an audience	digging into a mystery
drawing a card	a game turns real	calling on unseen powers
drawing a picture	unclear	unclear
drinking blood	breaking a taboo	breaking a rule
driven from home	losing one's home	running from trouble
drugged drink	taking a drug	playing god
earthquake opens a chamber	unearthing something buried	unsealing what was shut away
earthquake uncovers corpse	unearthing something buried	unsealing what was shut away
eating meat	breaking a taboo	breaking a rule
emergency call	a call or message	an outsider reaches in
end of a story	hearing a story told	seeing or hearing too much
entering a cave	entering an abandoned place	breaking a rule
entering a cursed place	trespassing	breaking a rule
entering a forbidden room	trespassing	breaking a rule
entering an abandoned house	entering an abandoned place	breaking a rule
entering forbidden place	trespassing	breaking a rule
entering the forest	a trip into nature	travelling somewhere remote
escaping a fated death	fleeing danger or punishment	running from trouble
escaping an abuser	fleeing danger or punishment	running from trouble
eviction	losing one's home	running from trouble
eviction and poverty	losing one's home	running from trouble
examining a body	finding or handling a body	unsealing what was shut away
exile to a remote outpost	sent on a mission	travelling somewhere remote
experiment	a scientific experiment	playing god
experimental therapy	a scientific experiment	playing god
exploring a forbidden place	trespassing	breaking a rule
fake audition	landing a role	saying yes to an offer
faked death	a secret is hidden	a secret surfaces
family reunion	visiting family	going back home
father remarries	a new parent or child	losing family
fear of ageing	ageing	the body changing
filming a documentary	filming for an audience	digging into a mystery
filming a ritual	filming for an audience	digging into a mystery
filming the haunting	filming for an audience	digging into a mystery
finding a corpse	finding or handling a body	unsealing what was shut away
finding a forbidden book	reading forbidden words	calling on unseen powers
finding a hidden room	opening a sealed room	unsealing what was shut away
first menstruation	first period and growing up	the body changing
fleeing a battle	fleeing danger or punishment	running from trouble
fleeing after a crime	fleeing danger or punishment	running from trouble
fleeing punishment	fleeing danger or punishment	running from trouble
fleeing war	fleeing danger or punishment	running from trouble
folk healer's advice	working magic or ritual	calling on unseen powers
following a creature	straying from the path	breaking a rule
following someone into the forest	straying from the path	breaking a rule
forbidden romance	falling in love	love and desire
forced landing	stranded with no way back	cut off and trapped
forced to eat meat	breaking a taboo	breaking a rule
freeing a test animal	releasing a captive	unsealing what was shut away
friend abducted	someone is taken	someone goes missing
friend's suicide	suicide of someone close	losing family
game turns real	a game turns real	calling on unseen powers
ghost hunting	investigating a haunting	digging into a mystery
ghost story told	hearing a story told	seeing or hearing too much
gig at a remote venue	a trip to an event	travelling somewhere remote
going back to look	returning home	going back home
going to summer camp	joining a school or institution	making a new home
going with strangers	meeting a stranger	an outsider reaches in
guard duty at night	taking a job	saying yes to an offer
guilty man goes free	blame and injustice	being spurned or shamed
head injury	an injury and its aftermath	a sudden accident or attack
hearing the dead's secrets	contact from the dead	strange signs and visions
heir returns home	returning to one's roots	going back home
helping a stranger	taking in a stranger	an outsider reaches in
hired to find someone	investigating a crime or disappearance	digging into a mystery
hired to investigate	investigating a crime or disappearance	digging into a mystery
hiring a stranger	taking in a stranger	an outsider reaches in
humiliation	humiliation and cruel pranks	being spurned or shamed
hunger	poverty and want	need and greed
hunter enters the lair	trespassing	breaking a rule
husband joins a club	joining a group	saying yes to an offer
hypnosis	a scientific experiment	playing god
immigration	moving to a new place	making a new home
infected stranger boards	an outbreak	disaster strikes
infiltrating a cult	chasing a legend or cult	digging into a mystery
inheriting a house	inheriting a house	making a new home
inheriting a property	inheriting a house	making a new home
initiation ritual	joining a group	saying yes to an offer
intruder enters house	an intruder breaks in	an outsider reaches in
investigating a cold case	investigating a crime or disappearance	digging into a mystery
investigating a complaint	investigating a crime or disappearance	digging into a mystery
investigating a death	investigating a crime or disappearance	digging into a mystery
investigating a disappearance	investigating a crime or disappearance	digging into a mystery
investigating an object	investigating an object	digging into a mystery
investigating cases	investigating a crime or disappearance	digging into a mystery
investigation of a haunting	investigating a haunting	digging into a mystery
investigator assigned case	investigating a crime or disappearance	digging into a mystery
investigator sent in	investigating a crime or disappearance	digging into a mystery
isolated cabin trip	staying somewhere isolated	travelling somewhere remote
isolated retreat	staying somewhere isolated	travelling somewhere remote
isolation	left alone or isolated	cut off and trapped
isolation by darkness	left alone or isolated	cut off and trapped
isolation in the wilderness	left alone or isolated	cut off and trapped
isolation on an island	left alone or isolated	cut off and trapped
jealousy	jealousy and obsession	love and desire
joining a cult	joining a group	saying yes to an offer
joining an institution	joining a school or institution	making a new home
journey for a property sale	a journey	travelling somewhere remote
journey to remote place	a journey	travelling somewhere remote
journey to remote village	a journey	travelling somewhere remote
kidnapping for sacrifice	someone is taken	someone goes missing
killing a beloved character	a killing	a sudden accident or attack
killing the keeper	a killing	a sudden accident or attack
knock at the door	a knock at the door	an outsider reaches in
learning a forbidden skill	working magic or ritual	calling on unseen powers
leaving home	trying to leave	running from trouble
leaving the path	straying from the path	breaking a rule
left alone at school	left alone or isolated	cut off and trapped
letting a stranger in	taking in a stranger	an outsider reaches in
listening to recordings	watching or hearing cursed media	seeing or hearing too much
living in a rented house	moving into a house	making a new home
losing a job	poverty and want	need and greed
lost contact	left alone or isolated	cut off and trapped
lost in a forest	getting lost	cut off and trapped
lost in the woods	getting lost	cut off and trapped
lost on a journey	getting lost	cut off and trapped
lost traveller finds a house	getting lost	cut off and trapped
love ritual	working magic or ritual	calling on unseen powers
loved ones seem wrong	someone not who they seem	an outsider reaches in
lover begins to age	ageing	the body changing
making a documentary	filming for an audience	digging into a mystery
making a film	filming for an audience	digging into a mystery
making a noise	breaking a taboo	breaking a rule
making art of a legend	chasing a legend or cult	digging into a mystery
marriage	marriage	love and desire
marriage breakdown	a family breaking apart	losing family
marriage for money	chasing money or fame	need and greed
marrying into a family	marriage	love and desire
mass disappearance	someone vanishes	someone goes missing
meeting a double	someone not who they seem	an outsider reaches in
meeting a stranger	meeting a stranger	an outsider reaches in
meeting humans	meeting a stranger	an outsider reaches in
meeting strangers on holiday	meeting a stranger	an outsider reaches in
messages from the dead	contact from the dead	strange signs and visions
meteorite lands	something arrives from outside	disaster strikes
migration by sea	moving to a new place	making a new home
missile strike	society under attack	disaster strikes
missing child	someone vanishes	someone goes missing
missing husband returns	a loved one comes back	going back home
mist arrives	storm or mist	disaster strikes
mother calls him back	returning home	going back home
mother disappears	someone vanishes	someone goes missing
mother stops medication	a family breaking apart	losing family
mother's death	death of a parent	losing family
moving into a foster home	moving into a house	making a new home
moving into a murder house	moving into a house	making a new home
moving to a remote home	moving into a house	making a new home
murder-suicide	a killing	a sudden accident or attack
music summons spirits	summoning a spirit	calling on unseen powers
need for medicine	poverty and want	need and greed
neighbor killed at the door	a killing	a sudden accident or attack
new arrival	a stranger comes to town	an outsider reaches in
new arrival next door	new neighbours arrive	an outsider reaches in
new family moves in	moving into a house	making a new home
new friendship	falling in love	love and desire
new job	taking a job	saying yes to an offer
new job as carer	taking a job	saying yes to an offer
new job in a house	taking a job	saying yes to an offer
new neighbour moves in	new neighbours arrive	an outsider reaches in
new neighbours arrive	new neighbours arrive	an outsider reaches in
new servants arrive	new neighbours arrive	an outsider reaches in
night swim	a trip into nature	travelling somewhere remote
nightmare	nightmares	strange signs and visions
noise in the wall	noises in the night	strange signs and visions
noises in the night	noises in the night	strange signs and visions
noticed by the threat	unclear	unclear
object falls from the sky	something arrives from outside	disaster strikes
obsessive desire	jealousy and obsession	love and desire
opening a coffin	disturbing a grave	unsealing what was shut away
opening a cursed object	opening a cursed object	bringing something home
opening a cursed tomb object	opening a cursed object	bringing something home
opening a forbidden object	opening a cursed object	bringing something home
opening a forbidden room	opening a sealed room	unsealing what was shut away
opening a grave	disturbing a grave	unsealing what was shut away
opening a hidden door	opening a sealed room	unsealing what was shut away
opening a locked door	opening a sealed room	unsealing what was shut away
opening a locked room	opening a sealed room	unsealing what was shut away
opening a sealed door	opening a sealed room	unsealing what was shut away
opening a sealed room	opening a sealed room	unsealing what was shut away
outbreak	an outbreak	disaster strikes
outbreak at home	an outbreak	disaster strikes
outsider blamed	blame and injustice	being spurned or shamed
outsider investigates a death	investigating a crime or disappearance	digging into a mystery
outsider seeks a secret	chasing a legend or cult	digging into a mystery
outsiders in a village	a stranger comes to town	an outsider reaches in
outsiders pass through	a stranger comes to town	an outsider reaches in
pact sealed in blood	making a pact or wish	calling on unseen powers
pairing child with machine	a scientific experiment	playing god
paranormal investigation	investigating a haunting	digging into a mystery
parent returns changed	someone not who they seem	an outsider reaches in
party game ritual	a game turns real	calling on unseen powers
party in forbidden place	trespassing	breaking a rule
phone call	a call or message	an outsider reaches in
phone calls	a call or message	an outsider reaches in
plague reaches the village	an outbreak	disaster strikes
planned marriage	marriage	love and desire
playing with a spirit board	a game turns real	calling on unseen powers
polite request at the door	a knock at the door	an outsider reaches in
poverty	poverty and want	need and greed
predator picks wrong victim	a physical attack	a sudden accident or attack
premonition of disaster	visions and premonitions	strange signs and visions
provoking the threat	provoking the threat	breaking a rule
psychic contact	visions and premonitions	strange signs and visions
psychic senses a killer	visions and premonitions	strange signs and visions
public blame	blame and injustice	being spurned or shamed
public demonstration	a scientific experiment	playing god
public humiliation	humiliation and cruel pranks	being spurned or shamed
pulling something from the ground	disturbing a grave	unsealing what was shut away
pursuit by hunters	a physical attack	a sudden accident or attack
reactivating despite warnings	ignoring a warning	breaking a rule
reading a book	reading forbidden words	calling on unseen powers
reading a diary	reading someone's secrets	a secret surfaces
reading forbidden text	reading forbidden words	calling on unseen powers
receiving a body part	receiving or buying an object	bringing something home
receiving a cursed object	receiving or buying an object	bringing something home
receiving a dead person's organ	receiving or buying an object	bringing something home
receiving a message	a call or message	an outsider reaches in
receiving a mysterious package	receiving or buying an object	bringing something home
recruited as informant	joining a group	saying yes to an offer
rejecting the supernatural	ignoring a warning	breaking a rule
releasing a captive	releasing a captive	unsealing what was shut away
religious seclusion	joining a school or institution	making a new home
remote holiday	staying somewhere isolated	travelling somewhere remote
renovation	fixing up an old place	making a new home
renting a strange house	moving into a house	making a new home
reopening a place with a past	fixing up an old place	making a new home
rescuing a family member	searching for a missing relative	someone goes missing
restoring an old artwork	handling a cursed object	bringing something home
retreat to a cabin	staying somewhere isolated	travelling somewhere remote
retreat to an isolated community	joining a school or institution	making a new home
retrieving a lost object	taking an object	bringing something home
return home	returning home	going back home
return home from abroad	returning home	going back home
return of a family member	a loved one comes back	going back home
return to ancestral home	returning to one's roots	going back home
return to home village	returning home	going back home
returning home to a dying parent	returning home	going back home
returning to a place	returning home	going back home
returning to one's birthplace	returning to one's roots	going back home
reuniting with a sibling	visiting family	going back home
revenge killing	a killing	a sudden accident or attack
reviving a forbidden tradition	working magic or ritual	calling on unseen powers
ritual done carelessly	working magic or ritual	calling on unseen powers
road accident	a road accident	a sudden accident or attack
romantic rejection	romantic rejection	being spurned or shamed
runaway daughter	trying to leave	running from trouble
sabotage	unclear	unclear
saying a name	summoning a spirit	calling on unseen powers
saying the name	summoning a spirit	calling on unseen powers
sealing oneself away	waking up confined	cut off and trapped
search for a fertile woman	pregnancy and birth	the body changing
search for a missing relative	searching for a missing relative	someone goes missing
search for missing sibling	searching for a missing relative	someone goes missing
search for treasure	chasing money or fame	need and greed
searching for a lost sibling	searching for a missing relative	someone goes missing
searching for a missing father	searching for a missing relative	someone goes missing
searching for a missing parent	searching for a missing relative	someone goes missing
secret adoption	a new parent or child	losing family
secret discovered	a secret comes out	a secret surfaces
secret hidden	a secret is hidden	a secret surfaces
secret recording	reading someone's secrets	a secret surfaces
secret written down	reading someone's secrets	a secret surfaces
seduction	sex and seduction	love and desire
seeing a picture	watching or hearing cursed media	seeing or hearing too much
seeing something forbidden	witnessing violence	seeing or hearing too much
seeing the ghost	contact from the dead	strange signs and visions
seeking a legend	chasing a legend or cult	digging into a mystery
seeking a new partner	falling in love	love and desire
seeking a ritual cure	working magic or ritual	calling on unseen powers
seeking an inheritance	chasing money or fame	need and greed
seeking shelter from a storm	seeking shelter	cut off and trapped
self-experiment	a scientific experiment	playing god
self-sacrifice gone wrong	unclear	unclear
selling a house	a journey	travelling somewhere remote
sent to destroy the ghosts	investigating a haunting	digging into a mystery
settling the frontier	moving to a new place	making a new home
sexual arousal	sex and seduction	love and desire
shared nightmares	nightmares	strange signs and visions
ships destroyed at sea	stranded with no way back	cut off and trapped
shipwreck on an island	stranded with no way back	cut off and trapped
shooting	a physical attack	a sudden accident or attack
signing a contract	signing a contract	saying yes to an offer
skeptic investigates	investigating a haunting	digging into a mystery
societal collapse	society under attack	disaster strikes
soldier returns home	returning home	going back home
spell carved on body	reading forbidden words	calling on unseen powers
spilled blood	spilling blood	a sudden accident or attack
spouse's hidden heritage	a secret comes out	a secret surfaces
spouse's suicide	suicide of someone close	losing family
stabbed by an assistant	a physical attack	a sudden accident or attack
staying at an inn	staying somewhere isolated	travelling somewhere remote
staying behind	left alone or isolated	cut off and trapped
staying in an isolated house	staying somewhere isolated	travelling somewhere remote
staying in the dead's house	staying somewhere isolated	travelling somewhere remote
staying on a stranger's property	staying somewhere isolated	travelling somewhere remote
stealing from a gangster	chasing money or fame	need and greed
stillbirth	death of a child	losing family
stopping at an isolated place	seeking shelter	cut off and trapped
storm	storm or mist	disaster strikes
stranded on a journey	stranded with no way back	cut off and trapped
stranded on an island	stranded with no way back	cut off and trapped
stranger arrives	a stranger comes to town	an outsider reaches in
stranger breaks in	an intruder breaks in	an outsider reaches in
stranger enters the home	an intruder breaks in	an outsider reaches in
straying from the path	straying from the path	breaking a rule
studying forbidden magic	working magic or ritual	calling on unseen powers
successful experiment	a scientific experiment	playing god
suicide attempt	suicide of someone close	losing family
summoned by ritual	summoning a spirit	calling on unseen powers
summoned for ratings	summoning a spirit	calling on unseen powers
summoned to pray for the dead	holding a seance	calling on unseen powers
summoning for revenge	summoning a spirit	calling on unseen powers
summoning ritual	summoning a spirit	calling on unseen powers
survivor found in wilderness	taking in a stranger	an outsider reaches in
swallowing something cursed	handling a cursed object	bringing something home
switching on a machine	a scientific experiment	playing god
symptoms at night	falling ill	the body changing
séance vision	holding a seance	calling on unseen powers
taking a case	investigating a crime or disappearance	digging into a mystery
taking a drug	taking a drug	playing god
taking a forbidden tape	taking an object	bringing something home
taking a human disguise	someone not who they seem	an outsider reaches in
taking a job far away	taking a job	saying yes to an offer
taking a job in a household	taking a job	saying yes to an offer
taking a job in isolation	taking a job	saying yes to an offer
taking a job out of poverty	taking a job	saying yes to an offer
taking a new job	taking a job	saying yes to an offer
taking a remote job	taking a job	saying yes to an offer
taking a sample	taking an object	bringing something home
taking an object home	taking an object	bringing something home
taking in a stray	taking in a stranger	an outsider reaches in
taking shelter in a haunted place	seeking shelter	cut off and trapped
taking someone's place	landing a role	saying yes to an offer
taking something home	taking an object	bringing something home
taking strangers in	taking in a stranger	an outsider reaches in
teacher discovers the truth	a secret comes out	a secret surfaces
telling the secret	a secret comes out	a secret surfaces
temptation by a mentor	joining a group	saying yes to an offer
tempting invitation	accepting an invitation	saying yes to an offer
the body disappears	finding or handling a body	unsealing what was shut away
the dead come home	a loved one comes back	going back home
threat to a community	society under attack	disaster strikes
threatening letters	a call or message	an outsider reaches in
touching a cursed object	handling a cursed object	bringing something home
touching a strange object	handling a cursed object	bringing something home
training exercise in the wild	a trip into nature	travelling somewhere remote
trauma from a past attack	an injury and its aftermath	a sudden accident or attack
trespass on sacred ground	trespassing	breaking a rule
trip to a remote cabin	staying somewhere isolated	travelling somewhere remote
trip to the city	a trip to an event	travelling somewhere remote
uncovering a sealed relic	unearthing something buried	unsealing what was shut away
unearthing an object	unearthing something buried	unsealing what was shut away
unearthing remains	disturbing a grave	unsealing what was shut away
unexplained attack	a physical attack	a sudden accident or attack
unexplained blackout	left alone or isolated	cut off and trapped
unnatural birth	pregnancy and birth	the body changing
unwanted advances	romantic rejection	being spurned or shamed
using a spirit board	a game turns real	calling on unseen powers
vehicle breaks down	vehicle breaks down	cut off and trapped
viewing a new home	moving into a house	making a new home
visiting a fair	a trip to an event	travelling somewhere remote
visiting a fiancée	falling in love	love and desire
visiting a grave	visiting a sacred place	calling on unseen powers
visiting a relative's home	visiting family	going back home
visiting a remote house	staying somewhere isolated	travelling somewhere remote
visiting a shrine	visiting a sacred place	calling on unseen powers
visiting relatives	visiting family	going back home
visiting the killer's house	trespassing	breaking a rule
volunteering	taking a job	saying yes to an offer
waking in a cell	waking up confined	cut off and trapped
waking in the night	noises in the night	strange signs and visions
waking up trapped	waking up confined	cut off and trapped
watching found footage	watching or hearing cursed media	seeing or hearing too much
watching old footage	watching or hearing cursed media	seeing or hearing too much
watching recovered footage	watching or hearing cursed media	seeing or hearing too much
way back blocked	stranded with no way back	cut off and trapped
wedding	a wedding or funeral	a special occasion
wedding disrupted	a wedding or funeral	a special occasion
winning a role	landing a role	saying yes to an offer
wish granted by spirits	making a pact or wish	calling on unseen powers
witch hunt	blame and injustice	being spurned or shamed
witnessing something	witnessing violence	seeing or hearing too much
witnessing something forbidden	witnessing violence	seeing or hearing too much
working in an abandoned asylum	taking a job	saying yes to an offer
